customer_id,plan,acquisition_channel,country,age,tenure_months,monthly_spend_eur,sessions_last30d,support_tickets,churned
1,Pro,Ads,FR,19.0,30,26.01,16,0,1
2,Business,Referral,CA,47.0,16,81.05,21,2,0
3,Pro,Organic,CH,38.0,27,26.19,10,1,1
4,Basic,Organic,CA,44.0,31,10.79,10,0,0
5,Basic,Organic,Autre,64.0,12,11.09,8,1,1
6,Business,Organic,FR,47.0,6,74.27,18,2,0
7,Basic,Referral,Autre,38.0,5,5.64,11,1,1
8,Pro,Social,FR,37.0,24,25.55,15,0,0
9,Pro,Referral,CH,18.0,22,24.54,10,1,0
10,Basic,Organic,Autre,59.0,9,6.86,14,2,1
11,Basic,Organic,BE,52.0,23,6.17,12,5,1
12,Basic,Referral,BE,51.0,22,5.0,19,3,0
13,Basic,Social,FR,34.0,31,9.34,16,2,1
14,Basic,Ads,BE,38.0,29,10.68,9,1,1
15,Basic,Organic,FR,51.0,12,5.1,13,1,0
16,Pro,Ads,FR,31.0,29,27.37,15,2,1
17,Business,Ads,FR,58.0,22,79.07,17,0,0
18,Pro,Social,Autre,24.0,28,28.35,12,2,0
19,Pro,Organic,BE,29.0,33,26.94,10,1,1
20,Business,Organic,CH,32.0,19,81.47,20,0,0
21,Basic,Organic,FR,42.0,5,11.58,15,4,0
22,Basic,Organic,FR,34.0,20,11.08,11,2,0
23,Pro,Social,CA,37.0,32,28.41,14,2,0
24,Basic,Ads,FR,21.0,7,15.0,14,0,0
25,Basic,Social,Autre,20.0,9,14.26,18,1,1
26,Basic,Organic,FR,61.0,5,7.83,15,0,1
27,Basic,Ads,FR,41.0,29,8.67,16,0,1
28,Business,Referral,BE,30.0,27,82.6,18,2,0
29,Pro,Referral,FR,26.0,15,26.64,7,1,0
30,Basic,Organic,FR,43.0,2,10.23,13,1,0
31,Basic,Ads,FR,42.0,33,9.17,14,0,1
32,Basic,Ads,CH,21.0,33,6.92,15,1,0
33,Basic,Referral,FR,41.0,11,8.34,9,2,0
34,Basic,Ads,FR,43.0,7,5.0,9,2,0
35,Pro,Organic,FR,49.0,32,27.4,11,2,0
36,Basic,Social,FR,48.0,26,5.0,9,1,0
37,Basic,Ads,FR,30.0,14,15.87,14,1,0
38,Basic,Referral,FR,21.0,16,13.55,10,2,0
39,Pro,Ads,CA,18.0,24,32.71,9,2,1
40,Basic,Organic,FR,63.0,22,9.93,8,0,1
41,Basic,Organic,FR,22.0,6,12.02,7,1,0
42,Business,Organic,CA,25.0,27,82.84,25,0,0
43,Basic,Organic,FR,19.0,9,12.07,8,3,1
44,Pro,Organic,CA,30.0,11,31.78,15,2,0
45,Pro,Ads,CH,41.0,30,26.29,14,1,0
46,Pro,Organic,FR,52.0,29,30.31,18,4,0
47,Basic,Ads,FR,45.0,25,7.42,10,1,1
48,Basic,Referral,CH,33.0,27,5.48,12,3,0
49,Basic,Organic,BE,47.0,8,5.59,12,1,0
50,Business,Organic,CH,59.0,21,80.3,19,0,0
51,Basic,Referral,Autre,20.0,4,12.18,13,1,0
52,Pro,Ads,CH,29.0,21,24.91,9,2,0
53,Basic,Ads,BE,38.0,27,14.25,10,2,1
54,Basic,Organic,CA,32.0,14,13.42,12,0,0
55,Basic,Ads,FR,54.0,22,7.87,11,0,1
56,Basic,Organic,FR,50.0,34,7.62,14,2,0
57,Pro,Social,FR,60.0,11,28.79,13,1,0
58,Basic,Referral,BE,58.0,14,11.96,13,0,0
59,Business,Organic,Autre,24.0,17,77.86,16,0,0
60,Pro,Organic,BE,59.0,9,25.69,9,0,0
61,Pro,Social,FR,54.0,18,30.04,13,1,0
62,Pro,Organic,Autre,31.0,20,22.81,13,1,0
63,Pro,Referral,FR,34.0,15,29.43,11,0,0
64,Basic,Social,FR,42.0,33,12.48,13,1,0
65,Basic,Referral,BE,34.0,32,9.92,14,2,0
66,Basic,Social,FR,37.0,33,11.34,12,2,0
67,Basic,Ads,FR,54.0,20,10.48,13,1,1
68,Basic,Referral,CH,49.0,21,11.19,12,0,1
69,Business,Ads,CH,52.0,4,79.44,15,2,1
70,Basic,Organic,Autre,28.0,14,6.51,12,1,1
71,Pro,Ads,FR,18.0,12,28.33,13,0,1
72,Basic,Organic,Autre,57.0,27,8.78,7,1,1
73,Business,Referral,CA,46.0,28,82.78,18,1,0
74,Pro,Referral,FR,51.0,20,33.88,6,1,1
75,Basic,Organic,FR,30.0,1,10.26,14,0,1
76,Pro,Organic,BE,26.0,29,26.74,12,1,0
77,Business,Ads,FR,35.0,18,76.81,20,0,0
78,Business,Ads,FR,32.0,30,78.44,14,1,1
79,Pro,Social,CA,19.0,12,33.17,11,0,0
80,Basic,Social,FR,33.0,25,10.0,10,0,0
81,Basic,Social,FR,47.0,27,8.83,17,1,0
82,Business,Referral,FR,61.0,35,76.7,21,2,0
83,Pro,Referral,Autre,63.0,33,31.65,11,2,0
84,Basic,Organic,BE,39.0,23,,11,0,0
85,Business,Ads,FR,61.0,3,78.85,17,0,1
86,Pro,Organic,Autre,46.0,35,29.31,9,1,0
87,Pro,Referral,FR,54.0,10,34.06,14,1,0
88,Basic,Organic,CH,61.0,23,,15,4,1
89,Basic,Organic,FR,58.0,15,14.07,17,0,1
90,Basic,Organic,CH,36.0,8,12.73,10,0,1
91,Basic,Organic,CH,33.0,32,9.16,14,2,1
92,Business,Referral,CA,62.0,22,81.65,14,0,0
93,Basic,Organic,FR,61.0,13,8.63,19,1,0
94,Basic,Organic,FR,31.0,27,6.51,10,0,0
95,Basic,Social,BE,37.0,35,8.2,11,1,1
96,Pro,Social,Autre,18.0,15,26.28,10,1,0
97,Basic,Ads,FR,53.0,12,10.53,6,0,1
98,Basic,Ads,FR,22.0,6,9.04,15,3,1
99,Basic,Organic,FR,54.0,13,10.7,17,0,1
100,Basic,Social,Autre,50.0,13,11.48,10,3,0
101,Business,Referral,FR,38.0,33,69.64,12,0,0
102,Pro,Ads,FR,35.0,28,29.93,13,1,0
103,Basic,Organic,FR,62.0,15,5.0,13,1,1
104,Basic,Organic,CA,57.0,8,9.5,18,0,0
105,Business,Ads,FR,57.0,25,76.37,20,0,0
106,Basic,Organic,CH,43.0,1,9.31,12,3,0
107,Pro,Organic,CH,54.0,22,33.1,11,2,0
108,Pro,Ads,FR,50.0,31,23.88,12,2,1
109,Basic,Ads,CH,60.0,16,9.57,12,2,0
110,Basic,Organic,FR,34.0,35,8.76,17,2,0
111,Pro,Ads,BE,41.0,26,23.32,12,2,1
112,Business,Organic,FR,45.0,31,80.94,14,2,0
113,Basic,Ads,FR,23.0,14,9.1,18,0,0
114,Business,Ads,BE,50.0,29,77.47,21,2,0
115,Basic,Ads,FR,20.0,15,6.83,12,2,1
116,Pro,Organic,FR,35.0,26,38.64,16,2,0
117,Pro,Referral,CA,40.0,14,27.82,8,2,0
118,Basic,Ads,FR,41.0,20,5.0,8,0,1
119,Basic,Ads,FR,49.0,2,6.21,9,0,0
120,Pro,Referral,BE,57.0,23,27.9,11,2,0
121,Basic,Referral,BE,22.0,32,7.85,12,1,0
122,Pro,Referral,FR,61.0,27,28.76,11,1,1
123,Pro,Referral,FR,37.0,10,25.86,10,1,0
124,Basic,Referral,BE,34.0,12,10.62,7,2,0
125,Pro,Referral,FR,49.0,34,27.55,15,1,1
126,Basic,Organic,Autre,21.0,8,5.0,12,2,0
127,Basic,Referral,CA,60.0,24,6.55,21,4,1
128,Basic,Organic,BE,57.0,25,7.85,12,0,1
129,Basic,Organic,Autre,23.0,23,11.55,18,1,0
130,Basic,Organic,FR,39.0,22,10.45,17,0,0
131,Business,Ads,FR,20.0,35,,25,2,0
132,Pro,Organic,Autre,63.0,35,29.06,10,0,1
133,Basic,Referral,BE,63.0,14,9.65,6,0,0
134,Basic,Referral,FR,53.0,15,15.12,7,0,1
135,Business,Referral,BE,43.0,9,77.15,14,2,0
136,Basic,Organic,CH,35.0,15,10.4,10,0,0
137,Business,Ads,BE,27.0,33,81.18,20,1,0
138,Basic,Referral,FR,57.0,5,6.14,12,1,1
139,Basic,Organic,FR,29.0,5,9.57,14,1,0
140,Business,Organic,FR,43.0,1,79.49,19,0,0
141,Pro,Organic,FR,57.0,12,27.59,12,0,0
142,Pro,Ads,FR,51.0,5,30.7,14,0,0
143,Basic,Organic,BE,35.0,24,,10,0,1
144,Business,Ads,FR,59.0,21,82.39,17,2,1
145,Basic,Organic,FR,22.0,32,8.42,10,0,0
146,Business,Referral,CA,45.0,34,79.57,22,1,0
147,Basic,Ads,FR,52.0,10,16.05,14,2,0
148,Basic,Referral,CA,62.0,4,5.69,14,2,1
149,Basic,Organic,BE,64.0,33,9.67,14,1,1
150,Business,Referral,BE,36.0,6,81.67,23,5,0
151,Basic,Referral,FR,28.0,3,9.45,14,0,0
152,Pro,Referral,CH,35.0,24,30.97,11,2,0
153,Pro,Organic,FR,33.0,27,29.52,14,3,0
154,Pro,Social,FR,48.0,11,31.26,16,3,0
155,Pro,Ads,CA,51.0,19,32.85,11,2,0
156,Business,Organic,FR,37.0,2,78.34,14,3,1
157,Basic,Ads,FR,21.0,11,9.59,13,1,0
158,Basic,Ads,CH,51.0,32,8.83,7,1,1
159,Basic,Ads,FR,41.0,28,7.79,10,1,0
160,Basic,Organic,FR,42.0,6,8.94,13,0,0
161,Basic,Organic,Autre,58.0,33,5.61,15,0,0
162,Business,Ads,FR,52.0,16,81.23,17,1,1
163,Pro,Referral,FR,45.0,11,34.11,9,1,0
164,Basic,Ads,CA,56.0,27,14.11,15,2,1
165,Pro,Organic,FR,61.0,12,32.83,16,1,0
166,Basic,Ads,FR,44.0,28,6.11,10,0,1
167,Pro,Organic,CA,31.0,1,33.56,18,1,0
168,Pro,Organic,FR,60.0,34,26.85,12,3,0
169,Basic,Social,Autre,33.0,28,8.84,12,2,0
170,Business,Organic,CA,54.0,21,84.54,21,1,0
171,Basic,Ads,CA,56.0,35,5.78,15,0,0
172,Pro,Ads,FR,58.0,6,31.52,13,1,0
173,Pro,Organic,FR,55.0,3,29.84,16,0,0
174,Basic,Social,CH,,3,8.54,10,1,1
175,Basic,Social,CA,55.0,19,6.37,9,2,1
176,Basic,Organic,FR,18.0,23,10.27,12,0,1
177,Pro,Ads,FR,51.0,14,27.61,10,1,0
178,Pro,Ads,FR,47.0,19,32.14,10,2,0
179,Pro,Organic,FR,57.0,31,32.67,13,1,0
180,Basic,Referral,FR,33.0,9,5.0,9,1,1
181,Business,Referral,BE,25.0,6,77.48,20,0,0
182,Pro,Referral,BE,59.0,6,28.04,7,0,0
183,Business,Referral,FR,20.0,29,75.45,17,0,0
184,Basic,Organic,FR,36.0,13,5.65,10,2,0
185,Business,Organic,FR,54.0,33,79.27,19,3,1
186,Basic,Ads,FR,52.0,11,8.38,24,1,1
187,Basic,Referral,FR,20.0,22,5.0,18,3,1
188,Basic,Ads,Autre,29.0,13,7.39,15,3,1
189,Basic,Ads,FR,49.0,15,10.56,17,3,0
190,Basic,Referral,FR,47.0,13,5.38,11,1,0
191,Basic,Organic,CH,60.0,8,6.23,22,1,0
192,Pro,Organic,Autre,60.0,27,33.76,14,0,1
193,Basic,Organic,CA,23.0,15,12.95,12,0,0
194,Pro,Social,BE,58.0,17,24.14,12,2,0
195,Basic,Organic,FR,46.0,19,5.0,15,2,1
196,Pro,Organic,FR,35.0,30,30.13,12,1,0
197,Basic,Ads,FR,30.0,16,5.43,24,3,1
198,Basic,Ads,CA,40.0,18,8.24,14,1,0
199,Business,Organic,CA,39.0,19,77.65,16,0,0
200,Basic,Referral,FR,43.0,11,10.68,13,0,1
201,Pro,Organic,CA,39.0,1,21.41,16,1,1
202,Pro,Referral,CH,34.0,33,22.39,13,4,1
203,Pro,Organic,CH,,4,25.32,14,1,1
204,Basic,Social,FR,40.0,23,12.04,10,1,0
205,Pro,Organic,FR,33.0,29,28.54,10,1,0
206,Basic,Referral,FR,63.0,30,5.0,10,0,0
207,Pro,Referral,Autre,25.0,13,30.48,14,1,0
208,Business,Organic,CA,59.0,9,81.12,22,1,0
209,Pro,Organic,CA,41.0,2,28.26,11,3,1
210,Basic,Ads,CA,32.0,35,8.01,17,0,0
211,Basic,Ads,CA,58.0,33,,21,0,0
212,Basic,Ads,FR,50.0,23,12.63,20,1,1
213,Basic,Referral,CH,23.0,7,9.46,17,2,1
214,Pro,Ads,FR,62.0,14,30.6,16,1,0
215,Pro,Ads,CH,37.0,34,28.86,14,2,0
216,Basic,Ads,FR,35.0,9,7.86,11,2,1
217,Pro,Ads,Autre,36.0,32,26.25,8,2,0
218,Pro,Ads,CA,57.0,4,29.77,10,1,1
219,Basic,Organic,FR,30.0,16,8.1,8,2,1
220,Pro,Organic,CH,55.0,2,28.27,8,0,1
221,Business,Organic,CA,55.0,14,81.79,24,0,0
222,Basic,Organic,FR,59.0,7,10.46,15,1,0
223,Pro,Referral,BE,56.0,35,31.61,14,0,0
224,Pro,Organic,FR,21.0,11,24.27,10,1,0
225,Pro,Organic,BE,22.0,10,30.68,8,2,0
226,Basic,Ads,CA,61.0,19,7.23,12,0,0
227,Pro,Organic,CH,39.0,12,26.58,9,2,1
228,Pro,Organic,FR,64.0,14,26.44,11,0,0
229,Pro,Ads,BE,26.0,14,32.63,11,1,0
230,Pro,Ads,BE,29.0,2,31.48,14,1,0
231,Basic,Referral,FR,38.0,14,6.85,19,1,0
232,Pro,Social,FR,47.0,6,25.59,8,0,1
233,Pro,Social,FR,26.0,2,,9,3,0
234,Business,Ads,FR,22.0,1,77.62,19,1,0
235,Basic,Ads,FR,44.0,21,13.98,14,1,1
236,Basic,Ads,CH,46.0,2,5.0,19,2,1
237,Pro,Organic,Autre,36.0,12,23.51,8,1,0
238,Basic,Social,FR,51.0,11,8.23,20,2,0
239,Pro,Organic,BE,24.0,15,29.03,12,2,1
240,Business,Organic,CH,53.0,23,79.4,23,0,0
241,Basic,Referral,CH,20.0,17,11.26,15,1,0
242,Basic,Ads,CH,58.0,6,15.22,13,0,0
243,Basic,Organic,FR,63.0,35,7.97,15,1,0
244,Pro,Social,CA,31.0,31,27.37,12,2,0
245,Basic,Ads,FR,37.0,16,5.0,7,3,1
246,Basic,Ads,FR,23.0,35,9.73,13,3,1
247,Basic,Organic,BE,56.0,10,11.56,12,0,0
248,Pro,Social,BE,56.0,22,28.22,9,2,1
249,Pro,Organic,CH,32.0,35,32.54,14,0,0
250,Basic,Ads,FR,19.0,2,9.09,16,3,1
251,Basic,Social,Autre,39.0,6,13.54,15,0,0
252,Basic,Social,BE,28.0,7,10.0,16,1,0
253,Basic,Social,CA,54.0,30,5.83,15,2,0
254,Basic,Referral,FR,29.0,18,7.09,16,2,1
255,Basic,Organic,FR,64.0,16,5.0,12,3,1
256,Basic,Organic,FR,54.0,33,5.0,14,0,0
257,Basic,Ads,BE,47.0,21,9.8,12,1,1
258,Pro,Organic,FR,38.0,35,31.61,14,0,0
259,Pro,Social,FR,18.0,35,34.86,15,4,0
260,Basic,Organic,FR,57.0,26,8.83,7,0,1
261,Basic,Organic,FR,43.0,2,8.29,16,2,0
262,Pro,Organic,FR,49.0,32,25.67,13,2,0
263,Basic,Organic,FR,22.0,9,11.96,11,1,1
264,Basic,Ads,CA,57.0,4,10.17,12,1,0
265,Basic,Organic,FR,22.0,7,7.21,13,1,0
266,Basic,Social,Autre,54.0,18,11.07,11,1,0
267,Business,Referral,CA,31.0,22,80.68,20,0,0
268,Basic,Ads,FR,59.0,17,5.0,8,1,0
269,Basic,Referral,CA,33.0,20,11.23,11,3,0
270,Pro,Referral,BE,30.0,8,29.41,13,0,0
271,Pro,Organic,FR,48.0,4,27.83,16,3,0
272,Basic,Referral,CA,34.0,20,7.75,6,1,0
273,Basic,Social,CA,35.0,27,14.25,14,2,1
274,Business,Ads,FR,47.0,20,83.61,20,0,0
275,Basic,Ads,Autre,32.0,22,14.48,10,0,0
276,Pro,Social,FR,45.0,35,25.55,12,0,0
277,Basic,Social,FR,47.0,14,7.04,12,5,1
278,Pro,Organic,FR,54.0,3,31.72,13,2,1
279,Pro,Organic,FR,49.0,10,25.37,17,0,1
280,Pro,Social,FR,56.0,11,26.84,6,3,1
281,Pro,Referral,FR,33.0,24,23.59,10,4,0
282,Basic,Organic,FR,32.0,6,14.56,11,2,1
283,Basic,Ads,Autre,62.0,23,12.19,11,1,1
284,Basic,Organic,Autre,23.0,8,10.38,13,2,0
285,Pro,Social,FR,51.0,17,29.66,10,2,1
286,Basic,Organic,FR,52.0,12,7.75,11,1,0
287,Basic,Organic,CH,64.0,28,7.81,17,2,0
288,Basic,Organic,FR,50.0,13,10.85,12,3,1
289,Pro,Organic,FR,47.0,13,26.86,13,1,1
290,Business,Social,CH,31.0,34,82.68,27,1,0
291,Basic,Organic,FR,48.0,3,7.52,19,3,1
292,Basic,Ads,CA,20.0,12,6.38,15,2,0
293,Pro,Social,CH,40.0,12,32.89,8,4,1
294,Pro,Organic,FR,19.0,17,28.57,11,0,0
295,Pro,Organic,FR,36.0,8,30.66,12,2,0
296,Business,Referral,BE,29.0,6,77.76,17,2,0
297,Business,Organic,FR,63.0,1,72.25,18,0,0
298,Pro,Social,CA,30.0,8,30.64,10,0,1
299,Pro,Referral,BE,56.0,25,24.96,11,1,1
300,Basic,Organic,FR,27.0,8,12.25,14,1,0
301,Pro,Ads,CA,30.0,9,24.35,9,2,1
302,Basic,Ads,BE,20.0,20,5.0,12,0,0
303,Pro,Referral,FR,50.0,18,29.92,21,2,0
304,Pro,Organic,FR,26.0,11,30.28,14,2,1
305,Pro,Ads,FR,56.0,10,29.32,14,4,0
306,Basic,Organic,Autre,34.0,10,5.36,10,1,1
307,Basic,Organic,FR,21.0,1,11.67,6,2,1
308,Basic,Organic,FR,22.0,19,5.0,8,1,1
309,Basic,Social,Autre,45.0,18,7.61,12,0,0
310,Pro,Social,FR,27.0,1,26.64,12,2,0
311,Basic,Ads,CA,21.0,13,7.87,15,0,1
312,Basic,Referral,FR,38.0,31,11.56,15,3,0
313,Basic,Ads,FR,38.0,19,7.1,8,2,1
314,Pro,Organic,FR,57.0,2,30.69,11,0,0
315,Basic,Organic,CA,60.0,21,11.08,14,1,1
316,Pro,Social,BE,58.0,15,23.87,8,3,1
317,Business,Organic,FR,40.0,31,75.5,17,3,0
318,Basic,Ads,FR,37.0,35,7.85,15,0,0
319,Basic,Social,FR,22.0,6,7.22,6,0,0
320,Pro,Organic,FR,23.0,6,29.92,11,1,0
321,Business,Referral,FR,38.0,28,73.21,17,2,0
322,Basic,Organic,CH,30.0,2,11.16,18,0,0
323,Pro,Referral,FR,52.0,23,31.23,17,3,0
324,Pro,Referral,FR,49.0,18,28.5,17,2,0
325,Business,Referral,FR,53.0,3,74.85,13,1,1
326,Basic,Social,FR,37.0,23,9.02,9,2,0
327,Basic,Referral,CA,24.0,27,7.39,10,1,1
328,Business,Social,FR,44.0,14,80.7,25,1,0
329,Basic,Organic,CH,,6,8.74,18,2,1
330,Basic,Ads,FR,52.0,8,11.18,8,0,1
331,Pro,Organic,CH,49.0,4,27.7,9,0,0
332,Basic,Organic,CA,48.0,25,13.33,10,1,0
333,Pro,Ads,FR,58.0,19,22.09,11,0,0
334,Basic,Referral,CH,58.0,21,5.95,8,2,0
335,Business,Referral,Autre,18.0,20,,13,2,1
336,Basic,Organic,BE,22.0,13,5.0,15,0,0
337,Pro,Social,BE,41.0,30,31.21,12,0,0
338,Basic,Organic,FR,31.0,22,5.35,13,1,1
339,Basic,Organic,FR,62.0,10,9.28,6,1,0
340,Basic,Referral,CH,19.0,30,6.26,13,2,0
341,Basic,Social,CA,50.0,8,7.68,15,1,0
342,Basic,Referral,FR,42.0,19,9.52,10,1,1
343,Pro,Organic,FR,24.0,5,28.69,9,0,1
344,Basic,Ads,FR,46.0,14,7.86,13,2,1
345,Basic,Referral,BE,41.0,25,15.46,11,1,0
346,Business,Ads,FR,29.0,22,79.03,17,1,0
347,Business,Referral,Autre,23.0,31,76.09,17,2,0
348,Business,Referral,CA,20.0,18,81.78,21,4,1
349,Basic,Ads,Autre,61.0,6,11.46,17,4,1
350,Basic,Social,BE,39.0,4,12.67,8,3,1
351,Basic,Ads,CH,49.0,34,14.36,17,1,0
352,Basic,Referral,Autre,25.0,32,6.18,9,0,0
353,Basic,Ads,FR,61.0,31,12.18,7,3,1
354,Basic,Organic,BE,27.0,5,12.42,14,0,1
355,Basic,Ads,FR,57.0,5,9.0,20,2,0
356,Basic,Ads,CA,35.0,26,9.74,15,0,1
357,Pro,Ads,FR,26.0,32,19.99,18,0,0
358,Basic,Organic,CH,62.0,16,7.28,10,3,1
359,Basic,Social,FR,26.0,25,14.36,9,2,1
360,Pro,Social,CH,34.0,28,23.64,6,1,0
361,Basic,Organic,CH,28.0,32,7.39,13,0,0
362,Basic,Social,Autre,51.0,19,9.86,8,1,0
363,Basic,Ads,CA,62.0,29,10.73,15,0,0
364,Basic,Organic,FR,35.0,29,13.89,13,1,0
365,Pro,Referral,CH,28.0,22,23.71,13,1,0
366,Basic,Ads,FR,37.0,17,9.13,10,0,0
367,Basic,Referral,FR,42.0,1,11.58,11,1,1
368,Pro,Referral,CH,24.0,9,25.06,9,0,1
369,Business,Ads,Autre,33.0,4,78.88,21,0,0
370,Basic,Organic,CH,26.0,27,14.65,16,1,0
371,Basic,Referral,BE,51.0,30,12.95,7,1,1
372,Basic,Referral,BE,54.0,29,10.62,8,1,0
373,Business,Social,CH,25.0,11,71.16,16,3,0
374,Business,Organic,BE,38.0,18,78.61,14,0,0
375,Basic,Referral,FR,52.0,14,10.16,15,2,0
376,Business,Social,CA,,33,78.07,24,1,0
377,Basic,Ads,FR,24.0,8,8.8,12,1,1
378,Basic,Ads,Autre,64.0,25,18.25,12,3,0
379,Basic,Organic,CA,30.0,12,8.36,6,4,1
380,Business,Organic,CA,59.0,33,76.09,16,3,0
381,Basic,Organic,CA,35.0,15,9.73,8,0,0
382,Basic,Organic,Autre,30.0,7,8.05,11,2,1
383,Pro,Organic,Autre,30.0,13,28.07,6,1,0
384,Basic,Referral,BE,38.0,34,8.74,9,3,1
385,Basic,Ads,FR,48.0,17,11.32,17,1,1
386,Basic,Ads,CH,44.0,27,9.71,12,1,0
387,Business,Organic,Autre,51.0,4,75.4,16,1,0
388,Pro,Ads,BE,25.0,33,28.6,13,1,1
389,Pro,Referral,FR,51.0,16,30.42,17,1,0
390,Pro,Ads,FR,38.0,13,27.6,9,1,1
391,Pro,Ads,FR,59.0,9,32.45,9,0,0
392,Pro,Ads,CA,31.0,20,31.33,12,0,0
393,Pro,Ads,CA,42.0,25,26.03,22,2,0
394,Pro,Social,FR,56.0,32,29.96,19,0,0
395,Basic,Organic,BE,,19,14.95,12,3,1
396,Basic,Ads,BE,22.0,24,13.68,14,3,1
397,Pro,Referral,FR,58.0,28,28.83,3,0,0
398,Basic,Organic,FR,64.0,11,11.69,19,1,0
399,Business,Social,BE,34.0,27,76.98,22,0,0
400,Pro,Ads,BE,29.0,11,24.66,23,2,0
401,Basic,Organic,CA,55.0,17,10.66,8,2,1
402,Business,Referral,FR,33.0,34,79.74,16,1,0
403,Basic,Referral,CA,37.0,19,10.54,8,2,0
404,Basic,Ads,FR,21.0,24,8.93,17,1,0
405,Basic,Social,BE,19.0,27,9.98,12,0,0
406,Business,Organic,CH,60.0,2,77.46,18,1,1
407,Pro,Ads,FR,21.0,33,30.42,16,1,0
408,Pro,Referral,Autre,56.0,10,31.5,8,1,0
409,Basic,Social,Autre,55.0,17,8.82,14,1,0
410,Pro,Ads,Autre,21.0,20,31.44,18,1,0
411,Pro,Ads,FR,64.0,17,23.69,8,0,1
412,Pro,Ads,BE,42.0,7,26.64,17,1,0
413,Business,Ads,CH,38.0,24,83.33,23,1,0
414,Basic,Ads,CA,36.0,17,14.29,18,0,0
415,Basic,Social,FR,26.0,14,9.75,14,2,0
416,Pro,Referral,FR,46.0,24,28.69,6,2,1
417,Pro,Referral,CA,61.0,17,25.2,11,0,0
418,Basic,Social,FR,33.0,3,10.09,12,0,0
419,Pro,Organic,FR,30.0,35,31.34,8,1,0
420,Basic,Referral,FR,62.0,9,5.0,10,0,1
421,Pro,Ads,BE,28.0,25,30.68,11,2,0
422,Pro,Referral,BE,28.0,31,30.47,13,1,0
423,Basic,Organic,CH,20.0,2,10.32,9,2,1
424,Pro,Ads,CA,56.0,2,25.62,10,1,1
425,Basic,Referral,FR,47.0,18,10.63,9,1,0
426,Business,Organic,Autre,30.0,4,74.51,21,1,0
427,Basic,Organic,CA,23.0,18,13.47,15,2,0
428,Basic,Ads,Autre,48.0,29,9.41,15,2,1
429,Pro,Social,CH,26.0,29,25.51,8,0,0
430,Basic,Organic,FR,38.0,24,13.04,16,1,1
431,Pro,Referral,FR,22.0,33,32.46,9,2,0
432,Basic,Organic,Autre,42.0,17,7.05,14,2,1
433,Pro,Organic,FR,44.0,21,35.61,8,0,0
434,Pro,Ads,FR,42.0,31,25.99,17,3,1
435,Business,Referral,CH,51.0,14,79.94,25,0,0
436,Basic,Social,CH,47.0,8,12.55,10,1,1
437,Basic,Social,CH,54.0,34,5.0,10,1,0
438,Pro,Organic,BE,21.0,1,32.0,15,2,1
439,Pro,Referral,BE,54.0,4,28.81,11,0,0
440,Basic,Ads,CH,20.0,29,8.95,14,1,1
441,Pro,Ads,FR,57.0,23,25.77,15,0,0
442,Basic,Referral,FR,,23,9.99,10,1,1
443,Basic,Social,Autre,52.0,25,5.67,10,2,1
444,Business,Ads,CA,29.0,12,76.09,20,0,0
445,Basic,Social,CH,24.0,29,7.66,13,2,0
446,Basic,Organic,FR,34.0,21,5.32,11,0,0
447,Pro,Organic,FR,32.0,11,33.72,12,1,1
448,Pro,Referral,Autre,29.0,3,25.01,10,3,1
449,Pro,Organic,Autre,34.0,12,26.74,6,1,0
450,Pro,Ads,FR,48.0,11,28.05,13,1,1
451,Basic,Ads,BE,37.0,33,9.01,14,2,1
452,Pro,Organic,FR,64.0,20,31.38,6,1,0
453,Pro,Referral,FR,59.0,29,31.45,11,1,0
454,Pro,Referral,CH,36.0,30,28.09,13,2,1
455,Pro,Organic,FR,64.0,27,27.85,13,0,1
456,Basic,Organic,CA,33.0,12,9.11,12,2,1
457,Pro,Referral,Autre,44.0,8,31.47,9,5,1
458,Basic,Social,FR,34.0,3,11.09,11,3,1
459,Pro,Social,CH,48.0,10,27.45,11,2,0
460,Basic,Ads,FR,19.0,4,5.0,6,2,1
461,Basic,Ads,FR,41.0,10,15.43,10,2,0
462,Pro,Ads,FR,22.0,11,31.85,6,1,1
463,Basic,Organic,FR,32.0,9,9.79,13,0,0
464,Basic,Ads,CA,20.0,22,10.02,14,0,0
465,Pro,Organic,CH,46.0,31,27.44,9,1,0
466,Basic,Organic,FR,33.0,25,6.0,11,3,0
467,Pro,Ads,FR,36.0,25,28.0,14,0,1
468,Pro,Organic,Autre,64.0,25,28.33,11,4,0
469,Basic,Ads,BE,51.0,16,7.12,13,2,1
470,Pro,Referral,BE,24.0,31,24.63,14,1,0
471,Basic,Referral,FR,33.0,27,8.06,11,0,0
472,Basic,Social,CA,43.0,24,10.73,12,1,1
473,Pro,Social,BE,24.0,34,27.52,17,2,0
474,Pro,Ads,BE,27.0,24,29.07,13,3,0
475,Pro,Social,FR,49.0,14,22.79,15,3,1
476,Pro,Ads,CA,19.0,21,28.38,9,2,0
477,Pro,Referral,FR,53.0,27,28.63,8,1,0
478,Pro,Organic,FR,57.0,24,25.32,10,1,1
479,Basic,Ads,BE,37.0,23,5.0,16,0,0
480,Basic,Social,CA,23.0,26,10.24,8,0,1
481,Basic,Ads,FR,,3,6.57,14,2,1
482,Basic,Ads,FR,24.0,35,10.47,23,3,0
483,Basic,Referral,FR,26.0,35,7.74,20,2,0
484,Business,Organic,BE,56.0,7,80.87,21,1,0
485,Basic,Referral,CA,62.0,7,7.98,17,1,0
486,Basic,Organic,FR,29.0,23,5.0,13,0,0
487,Basic,Organic,BE,64.0,1,8.74,9,1,1
488,Pro,Organic,BE,27.0,5,28.02,13,1,0
489,Business,Organic,FR,62.0,27,80.97,21,2,0
490,Business,Social,BE,62.0,8,77.65,18,1,0
491,Basic,Organic,FR,18.0,7,7.82,20,1,1
492,Basic,Organic,FR,27.0,33,11.58,14,0,0
493,Business,Ads,Autre,45.0,30,82.5,13,3,1
494,Basic,Referral,FR,57.0,15,11.28,18,0,0
495,Pro,Referral,FR,41.0,27,32.11,18,2,0
496,Basic,Ads,BE,32.0,20,10.36,15,1,1
497,Pro,Organic,FR,50.0,10,31.31,11,0,0
498,Basic,Social,FR,44.0,8,11.63,12,0,0
499,Basic,Organic,CA,45.0,20,10.21,12,0,0
500,Basic,Organic,FR,32.0,18,9.19,7,2,1
501,Basic,Organic,FR,63.0,16,9.43,12,0,0
502,Pro,Ads,Autre,33.0,1,36.21,10,2,0
503,Pro,Social,Autre,41.0,20,29.04,10,1,1
504,Basic,Referral,Autre,61.0,21,,3,0,1
505,Pro,Ads,FR,37.0,22,27.91,9,1,1
506,Basic,Ads,CH,60.0,34,8.9,14,1,1
507,Basic,Referral,CA,38.0,8,9.73,12,0,0
508,Basic,Ads,FR,26.0,25,5.61,15,4,1
509,Basic,Organic,Autre,,13,5.0,9,2,1
510,Basic,Organic,FR,52.0,24,9.89,12,1,0
511,Pro,Organic,CH,35.0,22,24.18,10,2,1
512,Pro,Referral,FR,24.0,20,29.78,17,3,1
513,Basic,Ads,FR,29.0,14,9.42,17,0,1
514,Pro,Referral,FR,32.0,12,32.46,14,3,1
515,Pro,Organic,Autre,36.0,24,34.01,12,0,0
516,Basic,Social,FR,21.0,28,10.1,6,0,1
517,Basic,Ads,Autre,36.0,34,7.34,20,1,0
518,Pro,Social,FR,48.0,14,25.48,17,2,1
519,Basic,Ads,FR,21.0,13,6.62,9,2,1
520,Pro,Ads,FR,52.0,12,29.12,6,2,0
521,Basic,Referral,Autre,60.0,30,5.0,14,4,1
522,Pro,Ads,FR,53.0,20,29.23,17,0,0
523,Basic,Referral,CA,35.0,13,8.96,19,1,1
524,Basic,Organic,FR,54.0,35,10.93,9,4,0
525,Basic,Ads,Autre,52.0,30,8.0,9,2,0
526,Pro,Ads,CH,36.0,26,29.31,15,1,1
527,Basic,Organic,FR,46.0,29,6.79,9,0,0
528,Business,Organic,BE,26.0,24,77.61,21,2,0
529,Basic,Ads,FR,55.0,8,5.0,12,2,0
530,Basic,Organic,FR,18.0,5,9.37,10,1,0
531,Basic,Referral,FR,52.0,30,13.65,7,1,0
532,Basic,Organic,CH,38.0,29,9.49,15,1,0
533,Basic,Organic,BE,18.0,10,10.1,10,1,1
534,Pro,Social,FR,61.0,15,26.06,8,0,0
535,Pro,Organic,FR,61.0,21,33.29,13,3,1
536,Basic,Ads,Autre,39.0,22,6.7,16,1,0
537,Basic,Organic,FR,23.0,24,11.41,6,1,0
538,Basic,Organic,FR,46.0,20,9.32,10,1,0
539,Pro,Ads,FR,43.0,18,26.12,16,1,0
540,Basic,Referral,FR,61.0,28,12.08,9,1,1
541,Business,Organic,FR,39.0,1,79.05,20,1,0
542,Pro,Referral,BE,58.0,2,29.54,16,3,1
543,Pro,Social,FR,21.0,33,30.36,12,0,0
544,Pro,Ads,FR,52.0,4,28.94,6,2,1
545,Pro,Ads,CA,28.0,5,27.86,16,3,1
546,Basic,Organic,FR,45.0,10,10.4,16,0,0
547,Basic,Organic,FR,61.0,17,7.79,12,0,1
548,Basic,Organic,FR,28.0,8,9.2,11,0,0
549,Basic,Social,FR,64.0,3,7.0,18,2,0
550,Basic,Organic,CH,53.0,24,5.0,12,2,0
551,Basic,Referral,FR,25.0,26,6.98,18,3,1
552,Pro,Referral,FR,37.0,5,27.51,5,2,1
553,Basic,Organic,FR,23.0,4,9.04,19,0,1
554,Basic,Organic,FR,,4,12.55,16,1,0
555,Basic,Referral,CA,43.0,9,5.0,8,0,0
556,Basic,Referral,FR,28.0,19,9.39,6,1,1
557,Business,Organic,FR,48.0,31,72.36,17,1,1
558,Basic,Social,FR,62.0,3,5.86,9,1,1
559,Basic,Organic,CA,19.0,5,7.48,11,0,0
560,Basic,Ads,FR,25.0,28,5.0,13,2,1
561,Basic,Organic,CA,64.0,16,5.0,15,1,1
562,Basic,Ads,Autre,55.0,12,9.46,12,2,1
563,Basic,Organic,FR,41.0,30,9.23,8,1,1
564,Basic,Organic,FR,59.0,11,8.66,12,0,1
565,Basic,Referral,CA,57.0,31,6.59,14,2,0
566,Pro,Ads,FR,25.0,21,35.46,10,2,1
567,Basic,Referral,FR,56.0,8,8.52,13,0,1
568,Pro,Referral,FR,58.0,35,26.41,11,1,0
569,Basic,Ads,BE,52.0,31,14.04,17,1,0
570,Basic,Organic,Autre,48.0,10,10.84,8,3,1
571,Pro,Referral,CA,25.0,22,27.89,10,1,0
572,Basic,Organic,BE,46.0,8,12.58,10,1,1
573,Business,Organic,FR,49.0,8,79.47,19,3,1
574,Business,Ads,Autre,29.0,13,80.93,17,1,1
575,Pro,Organic,CH,41.0,12,29.7,11,1,0
576,Basic,Organic,Autre,33.0,28,5.91,14,0,0
577,Pro,Referral,CH,45.0,11,31.91,11,1,0
578,Pro,Referral,CH,29.0,33,29.48,7,1,1
579,Pro,Ads,CH,20.0,23,25.97,7,2,0
580,Basic,Ads,FR,38.0,6,6.71,8,1,0
581,Business,Organic,FR,50.0,3,,19,1,0
582,Business,Ads,FR,48.0,2,77.89,20,3,1
583,Basic,Ads,Autre,42.0,33,9.14,12,1,0
584,Basic,Social,Autre,52.0,11,10.96,9,1,1
585,Basic,Organic,BE,25.0,13,9.38,18,2,1
586,Pro,Social,FR,51.0,12,24.42,12,0,0
587,Business,Social,FR,31.0,27,80.91,16,3,0
588,Business,Organic,FR,34.0,27,81.82,17,1,0
589,Pro,Referral,FR,18.0,26,31.6,12,2,0
590,Pro,Referral,FR,33.0,24,33.85,8,3,0
591,Pro,Referral,FR,39.0,28,30.09,11,2,1
592,Pro,Organic,BE,53.0,27,31.33,16,0,0
593,Business,Ads,CA,26.0,7,83.77,13,0,1
594,Pro,Social,FR,63.0,14,28.13,13,2,1
595,Basic,Organic,FR,26.0,7,14.21,11,1,1
596,Basic,Ads,FR,28.0,15,14.2,16,3,0
597,Basic,Organic,BE,64.0,27,11.35,16,1,0
598,Pro,Referral,BE,37.0,33,34.52,7,3,1
599,Pro,Referral,FR,37.0,31,31.56,12,1,0
600,Basic,Organic,CA,30.0,2,6.36,7,3,1
601,Pro,Referral,FR,44.0,11,32.41,7,4,1
602,Pro,Referral,FR,63.0,1,29.98,13,1,1
603,Basic,Organic,CH,61.0,15,10.24,13,2,1
604,Basic,Ads,CA,18.0,1,9.46,14,2,1
605,Basic,Referral,CA,42.0,29,13.08,12,2,1
606,Basic,Organic,FR,59.0,29,10.66,12,1,0
607,Basic,Ads,FR,19.0,34,6.91,17,1,0
608,Basic,Social,FR,54.0,19,10.46,8,2,1
609,Business,Ads,Autre,37.0,9,81.19,21,0,0
610,Basic,Ads,BE,33.0,25,6.82,15,1,1
611,Business,Organic,BE,27.0,7,77.7,23,0,0
612,Pro,Organic,FR,49.0,23,27.85,11,0,1
613,Pro,Social,Autre,21.0,23,27.18,12,3,0
614,Basic,Referral,FR,35.0,29,10.05,12,1,0
615,Basic,Referral,BE,27.0,15,12.05,14,0,0
616,Pro,Ads,CH,47.0,19,34.68,9,3,1
617,Basic,Ads,CA,31.0,31,12.58,12,0,1
618,Basic,Ads,CA,37.0,12,12.07,16,1,0
619,Pro,Referral,FR,37.0,31,32.43,23,0,0
620,Pro,Organic,FR,61.0,4,33.01,12,0,0
621,Basic,Ads,Autre,38.0,33,7.87,10,2,1
622,Basic,Ads,BE,39.0,15,11.08,14,0,1
623,Business,Referral,FR,59.0,13,79.97,16,0,1
624,Basic,Organic,FR,56.0,7,8.61,14,2,1
625,Pro,Organic,CA,48.0,16,27.64,8,1,0
626,Basic,Organic,CA,45.0,33,7.48,9,2,1
627,Pro,Organic,BE,63.0,35,28.2,19,1,0
628,Basic,Social,FR,35.0,27,5.3,10,0,1
629,Basic,Referral,CH,53.0,34,10.57,8,1,0
630,Basic,Referral,Autre,63.0,10,8.93,11,0,0
631,Pro,Ads,BE,49.0,31,29.32,9,4,0
632,Pro,Organic,CA,27.0,18,30.02,14,0,0
633,Basic,Ads,CA,61.0,1,11.17,12,1,0
634,Basic,Social,CH,60.0,17,7.22,13,0,0
635,Pro,Ads,FR,48.0,35,28.68,15,3,1
636,Pro,Ads,FR,64.0,22,24.17,16,2,0
637,Basic,Ads,CH,29.0,7,5.0,10,0,0
638,Pro,Organic,CA,,34,23.18,11,2,0
639,Basic,Ads,Autre,29.0,35,13.61,13,2,0
640,Pro,Ads,FR,46.0,10,23.52,10,0,1
641,Basic,Organic,FR,31.0,23,10.42,9,0,1
642,Pro,Organic,BE,47.0,22,33.43,9,1,1
643,Pro,Referral,CA,55.0,2,27.63,10,1,0
644,Pro,Organic,FR,61.0,18,33.89,10,1,0
645,Basic,Ads,BE,20.0,4,14.54,12,3,1
646,Pro,Organic,FR,38.0,34,31.84,18,2,1
647,Pro,Referral,Autre,59.0,1,36.12,11,0,0
648,Basic,Ads,FR,56.0,8,10.87,12,3,0
649,Basic,Ads,FR,37.0,10,6.81,14,0,0
650,Business,Social,CA,54.0,23,80.57,23,1,0
651,Pro,Referral,FR,31.0,9,27.68,8,1,0
652,Basic,Referral,FR,58.0,4,5.1,9,1,1
653,Pro,Organic,FR,44.0,33,25.18,9,0,0
654,Basic,Referral,FR,38.0,20,15.95,13,1,0
655,Basic,Ads,FR,44.0,7,7.39,12,1,0
656,Pro,Social,FR,48.0,34,28.95,7,3,1
657,Basic,Social,BE,30.0,33,7.03,9,3,0
658,Basic,Referral,FR,22.0,26,9.44,9,2,1
659,Basic,Referral,CH,26.0,6,8.31,11,3,1
660,Basic,Ads,Autre,21.0,2,7.8,10,1,0
661,Basic,Referral,BE,53.0,1,5.39,7,0,0
662,Basic,Organic,FR,23.0,35,,11,2,1
663,Basic,Social,Autre,27.0,21,6.8,13,1,0
664,Basic,Referral,FR,52.0,19,9.91,16,2,0
665,Basic,Organic,FR,44.0,25,15.27,10,0,0
666,Basic,Organic,BE,34.0,21,12.2,15,1,0
667,Pro,Ads,BE,33.0,20,34.51,11,2,0
668,Business,Referral,FR,60.0,34,80.5,16,2,1
669,Basic,Organic,FR,36.0,35,8.78,9,0,0
670,Pro,Social,BE,21.0,21,25.07,9,2,0
671,Basic,Organic,FR,55.0,22,9.05,10,3,1
672,Basic,Social,FR,26.0,8,5.0,14,1,1
673,Basic,Referral,FR,61.0,14,8.15,8,0,1
674,Business,Ads,FR,57.0,16,83.94,18,1,0
675,Basic,Ads,FR,43.0,33,10.04,11,3,1
676,Pro,Organic,BE,37.0,27,32.44,10,3,0
677,Basic,Organic,BE,56.0,24,7.91,14,0,1
678,Pro,Ads,FR,28.0,14,24.93,11,1,1
679,Pro,Referral,CH,25.0,30,27.62,11,2,0
680,Pro,Social,CA,54.0,6,27.87,15,0,1
681,Basic,Ads,BE,32.0,16,12.68,11,1,0
682,Basic,Social,FR,29.0,14,14.99,16,1,0
683,Basic,Organic,Autre,53.0,29,6.84,14,1,1
684,Pro,Social,FR,63.0,4,27.99,13,1,1
685,Basic,Social,CA,56.0,5,8.63,12,2,0
686,Basic,Organic,FR,30.0,4,8.02,10,1,1
687,Pro,Social,FR,56.0,26,25.34,8,3,0
688,Basic,Referral,CA,58.0,5,9.35,13,0,0
689,Basic,Referral,CH,52.0,33,10.16,15,1,0
690,Business,Referral,Autre,40.0,18,80.23,21,0,0
691,Basic,Ads,CA,50.0,9,5.46,10,0,0
692,Basic,Ads,FR,61.0,12,8.73,16,0,0
693,Basic,Ads,BE,19.0,8,5.0,10,1,1
694,Basic,Social,CH,31.0,7,11.82,15,4,1
695,Basic,Social,FR,52.0,3,6.02,12,0,1
696,Pro,Organic,BE,61.0,26,28.26,13,2,0
697,Business,Referral,Autre,33.0,2,77.73,26,1,0
698,Pro,Organic,FR,32.0,22,27.33,10,1,1
699,Pro,Organic,FR,59.0,22,25.91,10,1,0
700,Basic,Organic,FR,39.0,29,5.0,12,3,0
701,Pro,Ads,FR,19.0,9,34.28,13,1,0
702,Pro,Organic,FR,47.0,6,29.85,14,1,0
703,Pro,Organic,FR,18.0,15,29.88,11,0,0
704,Pro,Organic,CA,44.0,22,35.38,9,1,1
705,Pro,Organic,BE,38.0,9,28.79,9,0,0
706,Basic,Referral,BE,49.0,10,10.75,14,0,1
707,Pro,Organic,FR,31.0,26,29.15,10,2,0
708,Basic,Ads,FR,50.0,18,12.65,14,2,1
709,Basic,Ads,Autre,23.0,32,10.6,5,0,1
710,Pro,Organic,FR,30.0,16,30.04,13,2,1
711,Pro,Organic,Autre,62.0,24,28.33,13,0,0
712,Basic,Social,FR,18.0,21,9.93,11,3,0
713,Basic,Social,BE,64.0,6,12.59,13,1,0
714,Pro,Social,CH,52.0,20,22.86,19,2,0
715,Basic,Organic,FR,40.0,27,8.71,12,1,0
716,Basic,Referral,FR,46.0,33,7.84,11,0,0
717,Basic,Ads,FR,35.0,2,8.2,8,1,1
718,Basic,Organic,FR,44.0,22,5.0,5,0,1
719,Pro,Ads,FR,28.0,20,31.29,11,1,0
720,Pro,Social,FR,41.0,13,26.56,9,1,0
721,Basic,Social,FR,37.0,11,8.42,6,0,1
722,Pro,Ads,FR,61.0,28,27.59,14,1,0
723,Business,Organic,FR,62.0,16,74.09,24,0,0
724,Basic,Social,FR,31.0,6,7.76,15,0,0
725,Basic,Social,FR,47.0,30,5.0,19,1,1
726,Basic,Ads,CH,,28,6.27,13,2,0
727,Pro,Organic,FR,34.0,24,28.15,8,0,0
728,Business,Ads,Autre,25.0,21,79.08,20,0,0
729,Basic,Referral,FR,63.0,29,9.26,16,2,1
730,Basic,Ads,Autre,50.0,10,8.69,15,1,0
731,Basic,Ads,FR,32.0,30,15.51,15,3,0
732,Basic,Organic,FR,62.0,27,10.41,11,2,0
733,Business,Organic,FR,59.0,22,75.43,20,0,0
734,Basic,Organic,Autre,25.0,4,7.26,16,1,1
735,Basic,Organic,FR,36.0,12,7.13,10,2,1
736,Basic,Social,CA,54.0,2,8.57,9,1,0
737,Basic,Organic,CH,29.0,10,7.29,10,1,0
738,Pro,Referral,FR,30.0,10,26.53,7,1,0
739,Basic,Referral,FR,42.0,19,14.05,11,1,1
740,Basic,Ads,FR,20.0,18,9.23,12,1,1
741,Basic,Ads,FR,39.0,27,8.09,15,4,0
742,Business,Organic,CH,38.0,23,78.34,14,2,0
743,Pro,Referral,FR,23.0,18,28.45,15,1,0
744,Basic,Referral,Autre,50.0,12,13.28,9,1,0
745,Pro,Referral,FR,44.0,25,30.54,8,1,0
746,Basic,Ads,FR,31.0,21,12.47,9,0,0
747,Pro,Social,CH,40.0,22,19.75,8,0,1
748,Basic,Social,FR,62.0,35,10.08,15,2,1
749,Business,Ads,CH,32.0,2,82.28,17,0,1
750,Basic,Referral,FR,18.0,35,15.02,15,1,0
751,Basic,Organic,FR,25.0,33,9.19,11,1,1
752,Pro,Social,FR,30.0,26,23.95,10,3,0
753,Basic,Ads,FR,23.0,19,10.87,13,3,1
754,Basic,Social,CA,34.0,11,7.31,10,0,1
755,Basic,Organic,BE,38.0,15,5.0,16,2,1
756,Basic,Social,FR,35.0,17,7.25,9,0,0
757,Basic,Organic,CA,49.0,15,12.27,12,1,1
758,Basic,Ads,Autre,32.0,29,12.71,9,2,1
759,Basic,Organic,FR,26.0,17,11.27,11,2,1
760,Basic,Organic,Autre,19.0,32,5.96,7,0,1
761,Basic,Referral,FR,53.0,31,16.66,11,1,1
762,Pro,Organic,BE,27.0,34,25.6,11,1,0
763,Basic,Ads,FR,30.0,29,8.88,10,2,0
764,Basic,Organic,FR,30.0,14,5.0,14,2,0
765,Basic,Social,FR,63.0,12,13.06,17,2,0
766,Pro,Organic,BE,49.0,12,30.45,12,1,1
767,Basic,Organic,FR,46.0,21,11.78,13,0,0
768,Basic,Social,CH,35.0,12,9.38,13,3,0
769,Pro,Referral,Autre,57.0,27,28.91,13,1,0
770,Basic,Referral,FR,51.0,28,9.64,11,0,0
771,Business,Social,FR,62.0,12,73.45,17,1,0
772,Business,Organic,BE,38.0,34,82.1,13,1,0
773,Basic,Referral,FR,28.0,23,11.86,9,1,1
774,Pro,Referral,FR,34.0,20,27.94,17,1,0
775,Basic,Referral,BE,55.0,23,9.08,6,0,0
776,Basic,Referral,CH,25.0,16,10.02,13,1,0
777,Basic,Organic,Autre,46.0,8,13.83,11,2,1
778,Pro,Organic,Autre,28.0,24,30.42,12,0,0
779,Business,Referral,CA,58.0,10,79.25,14,0,0
780,Basic,Ads,FR,60.0,15,7.6,12,1,1
781,Pro,Organic,CA,50.0,16,24.61,7,1,0
782,Basic,Organic,CH,39.0,20,7.34,8,2,0
783,Basic,Ads,FR,48.0,32,9.34,10,1,1
784,Business,Organic,Autre,32.0,7,78.37,21,0,0
785,Pro,Referral,FR,48.0,24,29.36,12,0,0
786,Basic,Organic,CH,28.0,4,11.37,9,2,0
787,Business,Referral,CH,36.0,16,80.44,20,3,1
788,Basic,Organic,Autre,59.0,15,9.96,12,1,0
789,Basic,Ads,CH,22.0,20,11.1,14,1,1
790,Basic,Organic,Autre,51.0,10,9.69,9,2,1
791,Business,Referral,FR,32.0,27,79.04,20,2,0
792,Basic,Ads,FR,50.0,6,10.55,18,0,1
793,Business,Organic,FR,50.0,4,73.95,15,0,0
794,Pro,Social,BE,55.0,34,32.9,10,1,0
795,Basic,Referral,FR,47.0,16,5.27,12,0,1
796,Pro,Organic,FR,29.0,25,31.65,12,1,0
797,Basic,Social,FR,48.0,15,9.18,12,0,0
798,Pro,Ads,BE,52.0,14,32.47,14,1,0
799,Pro,Social,FR,39.0,5,29.25,16,0,0
800,Pro,Organic,CH,21.0,35,26.31,17,1,0
801,Business,Social,FR,58.0,13,82.37,20,1,0
802,Basic,Organic,CA,49.0,4,9.7,15,0,0
803,Pro,Referral,CH,30.0,33,29.5,13,1,0
804,Basic,Organic,FR,33.0,13,9.39,15,1,0
805,Pro,Ads,FR,,6,32.15,15,2,0
806,Business,Ads,FR,49.0,31,81.6,16,1,0
807,Business,Organic,FR,53.0,4,79.84,15,1,1
808,Basic,Organic,FR,28.0,34,5.0,22,3,0
809,Basic,Organic,FR,26.0,35,7.94,15,0,0
810,Business,Referral,FR,34.0,28,79.47,15,2,1
811,Business,Organic,FR,53.0,12,84.54,15,2,0
812,Basic,Ads,FR,49.0,7,10.31,8,1,1
813,Business,Organic,CA,29.0,2,78.88,21,2,0
814,Basic,Organic,BE,62.0,20,12.75,11,2,1
815,Basic,Social,FR,24.0,10,8.82,8,0,0
816,Pro,Ads,FR,34.0,3,29.08,17,1,0
817,Basic,Referral,FR,49.0,26,9.63,12,0,0
818,Basic,Referral,FR,25.0,3,5.0,9,2,1
819,Basic,Referral,FR,40.0,31,12.03,12,0,0
820,Basic,Organic,FR,23.0,31,10.44,8,2,1
821,Basic,Organic,FR,54.0,26,8.31,13,2,0
822,Basic,Ads,CH,49.0,1,5.74,15,1,1
823,Pro,Organic,FR,19.0,20,29.8,12,1,0
824,Pro,Organic,CH,60.0,4,33.36,12,3,1
825,Pro,Social,FR,59.0,9,27.24,10,2,1
826,Pro,Ads,BE,18.0,4,25.98,6,0,0
827,Basic,Ads,FR,45.0,6,10.43,11,2,1
828,Basic,Organic,FR,34.0,25,5.0,8,0,1
829,Basic,Referral,FR,38.0,29,5.0,17,2,1
830,Basic,Ads,FR,25.0,22,7.83,13,0,1
831,Pro,Organic,CA,28.0,5,27.1,11,3,0
832,Basic,Social,FR,62.0,8,8.34,13,0,0
833,Basic,Social,FR,30.0,21,7.51,16,2,0
834,Pro,Social,FR,24.0,15,30.17,12,0,0
835,Basic,Referral,CA,55.0,18,8.51,9,1,0
836,Basic,Ads,CA,21.0,34,7.37,18,0,1
837,Pro,Organic,BE,64.0,34,27.8,12,1,0
838,Pro,Referral,FR,54.0,8,31.07,11,1,1
839,Basic,Organic,BE,18.0,8,12.05,13,2,0
840,Pro,Ads,CA,64.0,3,31.89,14,2,1
841,Basic,Organic,FR,42.0,22,11.26,14,2,1
842,Basic,Organic,CH,54.0,23,5.0,10,2,0
843,Pro,Referral,CH,46.0,31,26.17,12,0,1
844,Basic,Organic,FR,23.0,4,8.23,13,2,1
845,Basic,Referral,FR,47.0,19,9.79,17,0,0
846,Pro,Referral,BE,37.0,20,24.32,12,0,1
847,Pro,Referral,FR,53.0,19,33.44,13,0,0
848,Basic,Ads,FR,42.0,9,10.09,11,0,0
849,Pro,Referral,BE,44.0,1,27.31,16,1,0
850,Basic,Referral,Autre,60.0,2,9.67,14,2,1
851,Business,Social,FR,34.0,30,78.14,13,1,0
852,Basic,Social,FR,53.0,24,6.9,17,1,0
853,Basic,Organic,BE,25.0,31,10.7,17,1,0
854,Basic,Organic,Autre,20.0,27,7.82,13,1,0
855,Business,Ads,FR,48.0,34,74.95,18,1,0
856,Basic,Organic,BE,39.0,11,7.28,11,1,0
857,Pro,Organic,FR,44.0,12,28.84,13,1,1
858,Business,Social,BE,54.0,6,75.94,19,1,0
859,Business,Organic,FR,49.0,8,82.97,13,1,0
860,Basic,Organic,CH,43.0,35,5.91,13,4,0
861,Basic,Referral,FR,60.0,6,14.46,14,3,1
862,Pro,Organic,CH,49.0,9,31.87,11,1,1
863,Pro,Organic,FR,64.0,30,26.36,13,2,0
864,Basic,Social,FR,63.0,9,9.58,7,0,1
865,Basic,Referral,FR,60.0,7,12.73,13,1,1
866,Basic,Ads,FR,63.0,13,8.61,14,2,1
867,Basic,Organic,FR,25.0,29,5.61,15,1,0
868,Pro,Organic,FR,57.0,9,29.53,10,2,1
869,Basic,Social,BE,,20,15.16,13,1,0
870,Basic,Referral,FR,44.0,9,5.0,10,3,1
871,Basic,Organic,CA,27.0,34,10.86,13,1,0
872,Basic,Referral,FR,32.0,33,9.22,10,0,0
873,Basic,Ads,BE,55.0,19,8.84,12,4,0
874,Business,Referral,CH,25.0,3,78.03,15,0,0
875,Basic,Organic,CA,37.0,31,8.24,14,3,0
876,Basic,Organic,BE,25.0,30,12.31,19,1,1
877,Pro,Organic,FR,64.0,17,30.99,9,3,0
878,Basic,Organic,FR,48.0,19,6.21,19,0,0
879,Basic,Social,FR,19.0,17,13.88,10,2,0
880,Business,Social,BE,54.0,2,75.31,12,1,0
881,Business,Referral,FR,,13,81.19,19,0,0
882,Pro,Referral,BE,58.0,6,29.76,10,0,1
883,Basic,Organic,FR,44.0,26,12.8,12,2,0
884,Basic,Ads,CA,60.0,23,10.28,13,1,0
885,Basic,Social,FR,24.0,22,12.38,11,0,0
886,Basic,Social,CH,31.0,20,9.14,11,0,0
887,Basic,Ads,CH,26.0,14,12.13,8,0,0
888,Basic,Referral,FR,33.0,9,10.24,11,0,1
889,Pro,Social,BE,58.0,1,35.66,13,0,1
890,Basic,Social,FR,27.0,11,7.13,12,1,1
891,Basic,Organic,FR,58.0,16,12.8,8,1,0
892,Business,Referral,FR,43.0,33,80.61,15,1,0
893,Basic,Ads,FR,18.0,18,9.74,11,0,0
894,Basic,Ads,CH,62.0,26,7.52,9,0,0
895,Basic,Ads,FR,33.0,16,10.56,16,0,0
896,Pro,Organic,FR,53.0,24,24.8,9,1,0
897,Pro,Organic,FR,36.0,14,25.11,19,0,1
898,Basic,Referral,CA,38.0,33,11.35,8,1,0
899,Pro,Referral,BE,22.0,4,24.55,7,3,1
900,Basic,Referral,FR,25.0,9,13.53,6,0,0
901,Basic,Organic,BE,46.0,28,8.4,8,0,0
902,Pro,Organic,CA,57.0,12,29.97,14,3,1
903,Business,Ads,BE,38.0,22,79.45,15,2,1
904,Pro,Social,BE,60.0,30,30.48,13,0,0
905,Pro,Ads,FR,60.0,32,28.39,17,2,0
906,Basic,Organic,BE,54.0,16,8.12,13,1,1
907,Basic,Ads,Autre,54.0,10,8.85,12,1,0
908,Business,Social,BE,31.0,16,82.37,21,0,1
909,Basic,Social,FR,27.0,7,12.63,13,4,1
910,Basic,Social,CA,36.0,29,13.05,7,0,1
911,Pro,Ads,FR,61.0,35,30.32,7,3,1
912,Pro,Organic,FR,45.0,35,28.62,15,1,0
913,Pro,Social,CA,50.0,10,24.19,11,2,1
914,Basic,Referral,Autre,61.0,32,11.16,18,0,0
915,Basic,Social,FR,56.0,35,11.75,13,2,0
916,Basic,Ads,FR,29.0,27,8.02,11,2,1
917,Pro,Organic,FR,57.0,21,31.65,13,2,1
918,Business,Organic,BE,37.0,16,83.1,20,1,1
919,Basic,Social,FR,53.0,14,9.51,16,4,0
920,Pro,Social,BE,20.0,25,32.4,11,2,0
921,Basic,Ads,CH,29.0,11,10.15,10,1,1
922,Basic,Social,FR,18.0,8,5.0,10,0,0
923,Basic,Ads,CA,64.0,18,7.81,15,4,1
924,Basic,Ads,FR,29.0,9,8.0,19,2,0
925,Basic,Ads,BE,52.0,5,10.82,4,1,1
926,Basic,Organic,FR,56.0,8,6.64,17,2,1
927,Pro,Organic,FR,30.0,32,27.91,15,2,0
928,Basic,Organic,FR,49.0,24,6.34,12,1,1
929,Pro,Organic,FR,40.0,17,29.11,11,1,0
930,Business,Ads,FR,40.0,34,79.44,16,2,1
931,Basic,Organic,FR,29.0,19,12.15,8,2,1
932,Basic,Referral,FR,37.0,27,11.62,14,1,1
933,Business,Organic,FR,28.0,5,79.72,16,3,1
934,Basic,Ads,FR,30.0,10,9.95,11,3,1
935,Basic,Ads,CH,34.0,2,9.56,7,1,1
936,Basic,Organic,Autre,54.0,24,9.57,12,2,0
937,Business,Ads,FR,51.0,29,83.87,23,0,0
938,Pro,Ads,CA,40.0,13,21.77,12,0,0
939,Basic,Ads,BE,33.0,15,8.7,12,0,0
940,Basic,Social,FR,21.0,29,10.17,14,2,0
941,Basic,Referral,FR,31.0,2,12.62,11,0,0
942,Basic,Organic,CA,47.0,17,5.95,12,0,0
943,Business,Referral,FR,59.0,15,80.27,21,3,0
944,Business,Ads,FR,64.0,9,81.82,13,1,1
945,Basic,Referral,CH,56.0,13,7.9,14,0,1
946,Basic,Organic,CH,21.0,11,5.0,20,1,0
947,Basic,Ads,CA,49.0,27,8.15,14,1,1
948,Pro,Referral,BE,64.0,3,25.63,10,3,1
949,Pro,Referral,FR,22.0,3,31.18,15,0,1
950,Pro,Referral,FR,22.0,13,26.68,12,0,0
951,Pro,Organic,FR,61.0,5,34.57,16,2,1
952,Basic,Referral,BE,32.0,12,9.66,11,1,0
953,Pro,Ads,Autre,63.0,28,,5,0,0
954,Basic,Referral,FR,63.0,17,7.72,11,1,0
955,Pro,Social,FR,40.0,24,25.95,16,1,0
956,Basic,Ads,FR,63.0,24,10.4,11,1,1
957,Basic,Social,FR,42.0,20,13.7,12,1,0
958,Business,Social,BE,26.0,33,78.58,17,0,0
959,Basic,Referral,Autre,46.0,23,12.01,15,1,0
960,Basic,Ads,FR,51.0,29,6.4,17,0,0
961,Basic,Ads,CH,45.0,34,10.16,8,1,1
962,Pro,Organic,Autre,46.0,21,36.14,11,1,1
963,Basic,Referral,FR,34.0,11,5.01,16,3,1
964,Basic,Social,Autre,36.0,13,12.93,12,2,1
965,Basic,Organic,CH,21.0,1,12.75,7,0,0
966,Basic,Referral,BE,54.0,6,5.0,17,2,0
967,Basic,Referral,FR,61.0,9,5.0,9,0,1
968,Basic,Organic,FR,47.0,21,6.3,12,0,0
969,Basic,Social,FR,34.0,3,12.14,10,1,1
970,Pro,Ads,CA,28.0,3,27.94,11,0,1
971,Basic,Organic,CA,60.0,4,8.73,11,1,0
972,Business,Organic,FR,41.0,2,81.35,21,3,0
973,Business,Referral,BE,,31,79.58,13,2,1
974,Basic,Organic,FR,51.0,23,9.91,18,2,0
975,Basic,Ads,CH,28.0,22,8.27,15,0,0
976,Pro,Organic,BE,47.0,6,32.6,15,2,1
977,Basic,Ads,Autre,25.0,20,6.9,7,2,1
978,Pro,Ads,CH,43.0,30,34.25,16,1,0
979,Basic,Referral,FR,29.0,10,8.21,12,1,1
980,Pro,Referral,FR,52.0,24,26.83,15,1,0
981,Basic,Referral,BE,45.0,17,,15,3,0
982,Pro,Organic,Autre,24.0,19,30.58,11,0,0
983,Business,Organic,FR,37.0,25,73.29,13,0,1
984,Basic,Social,FR,20.0,33,9.89,8,1,1
985,Pro,Social,FR,63.0,14,25.18,10,0,0
986,Basic,Ads,FR,19.0,5,6.74,10,0,0
987,Basic,Social,FR,40.0,31,11.58,18,3,1
988,Basic,Referral,FR,47.0,11,6.64,10,2,1
989,Basic,Ads,FR,30.0,33,10.29,12,2,0
990,Basic,Ads,BE,38.0,18,8.08,15,3,1
991,Pro,Ads,CA,32.0,10,35.02,19,0,1
992,Basic,Ads,Autre,57.0,34,8.93,16,0,0
993,Pro,Organic,FR,51.0,7,25.69,14,1,1
994,Business,Ads,BE,63.0,3,75.9,17,4,0
995,Business,Ads,CH,57.0,9,76.5,15,2,0
996,Business,Organic,FR,23.0,22,79.6,18,2,0
997,Pro,Ads,BE,58.0,27,29.2,16,2,0
998,Basic,Organic,FR,35.0,33,12.12,13,1,1
999,Business,Ads,FR,34.0,24,79.71,20,2,0
1000,Basic,Referral,FR,37.0,6,9.59,13,1,1
1001,Pro,Ads,CA,42.0,19,30.18,15,1,1
1002,Business,Referral,FR,43.0,25,78.82,19,2,0
1003,Pro,Ads,BE,19.0,31,30.08,15,0,0
1004,Basic,Organic,BE,60.0,25,11.55,13,2,1
1005,Basic,Ads,FR,37.0,29,11.55,11,2,0
1006,Basic,Referral,Autre,46.0,13,7.56,11,3,0
1007,Basic,Social,FR,30.0,14,5.0,6,2,1
1008,Basic,Organic,FR,32.0,19,6.77,7,2,1
1009,Basic,Organic,CH,47.0,8,10.04,11,1,1
1010,Pro,Social,FR,49.0,33,21.73,15,2,1
1011,Business,Social,CH,40.0,26,77.77,19,1,0
1012,Basic,Ads,FR,33.0,17,10.54,18,1,0
1013,Basic,Referral,FR,19.0,15,7.5,6,2,1
1014,Basic,Ads,CH,44.0,16,5.83,15,2,0
1015,Basic,Social,FR,21.0,1,14.45,11,1,1
1016,Basic,Organic,CA,22.0,20,13.34,14,0,0
1017,Pro,Ads,FR,30.0,31,28.41,13,1,0
1018,Basic,Referral,FR,44.0,2,13.15,8,0,0
1019,Basic,Organic,CA,19.0,35,13.08,8,0,0
1020,Basic,Referral,FR,40.0,29,5.79,10,1,0
1021,Pro,Organic,FR,42.0,6,37.22,16,0,0
1022,Basic,Referral,FR,48.0,2,6.37,6,4,1
1023,Basic,Referral,CH,61.0,26,8.39,11,0,1
1024,Basic,Ads,FR,44.0,35,5.89,6,1,0
1025,Business,Social,BE,30.0,13,79.41,15,0,0
1026,Basic,Ads,CA,44.0,34,5.23,11,0,0
1027,Pro,Referral,BE,60.0,35,29.15,15,2,0
1028,Basic,Organic,CH,52.0,29,12.42,13,3,0
1029,Business,Organic,Autre,32.0,32,79.81,25,1,0
1030,Basic,Referral,FR,24.0,32,8.37,13,2,0
1031,Basic,Social,CA,40.0,1,13.8,18,1,1
1032,Business,Ads,BE,53.0,22,76.48,17,3,0
1033,Pro,Social,FR,45.0,1,32.07,18,1,1
1034,Basic,Organic,FR,47.0,11,8.26,11,1,1
1035,Basic,Social,FR,28.0,5,9.81,7,0,1
1036,Business,Social,FR,50.0,22,79.25,25,1,0
1037,Basic,Ads,CA,47.0,26,9.54,6,1,0
1038,Basic,Ads,BE,36.0,24,9.0,9,1,0
1039,Business,Referral,FR,51.0,9,76.81,16,2,0
1040,Basic,Organic,CA,22.0,5,7.45,7,0,0
1041,Basic,Referral,BE,25.0,3,10.47,15,1,0
1042,Basic,Referral,FR,61.0,28,8.82,8,1,1
1043,Basic,Ads,FR,40.0,19,5.66,10,1,1
1044,Basic,Organic,FR,56.0,11,7.03,14,2,0
1045,Pro,Organic,Autre,46.0,11,27.06,18,1,0
1046,Basic,Organic,BE,63.0,18,8.97,15,0,0
1047,Basic,Referral,FR,50.0,14,9.67,10,1,1
1048,Pro,Organic,BE,39.0,10,29.41,9,1,0
1049,Pro,Organic,BE,63.0,12,27.17,10,1,1
1050,Pro,Organic,BE,59.0,10,29.18,7,3,1
1051,Basic,Ads,FR,60.0,34,5.02,9,1,0
1052,Basic,Ads,FR,,31,5.0,17,0,0
1053,Pro,Social,FR,33.0,25,28.96,21,2,0
1054,Basic,Social,CA,43.0,27,5.0,14,0,0
1055,Pro,Social,FR,63.0,3,26.28,11,2,1
1056,Basic,Social,FR,60.0,3,5.5,17,0,0
1057,Basic,Ads,BE,41.0,6,11.0,10,3,1
1058,Basic,Organic,FR,56.0,27,5.48,14,1,0
1059,Pro,Social,Autre,49.0,29,29.93,8,2,0
1060,Pro,Organic,FR,22.0,33,27.64,11,0,0
1061,Pro,Ads,FR,47.0,4,25.39,14,1,1
1062,Basic,Organic,FR,24.0,25,5.0,17,2,1
1063,Business,Referral,FR,60.0,1,80.48,22,1,0
1064,Pro,Organic,FR,37.0,25,30.25,15,1,0
1065,Basic,Ads,FR,25.0,10,11.41,7,1,1
1066,Basic,Organic,CH,43.0,10,14.57,10,2,0
1067,Pro,Social,FR,22.0,6,29.89,8,3,0
1068,Basic,Ads,CH,48.0,25,9.92,16,0,0
1069,Pro,Ads,FR,56.0,25,28.7,9,0,0
1070,Pro,Organic,BE,44.0,14,29.39,4,2,0
1071,Basic,Organic,Autre,33.0,7,8.02,13,0,0
1072,Business,Social,Autre,59.0,33,76.38,21,1,0
1073,Basic,Referral,BE,20.0,11,15.04,13,0,0
1074,Basic,Referral,Autre,55.0,25,5.0,8,5,1
1075,Basic,Social,FR,51.0,13,9.82,13,0,0
1076,Business,Ads,FR,22.0,12,80.38,17,1,0
1077,Basic,Organic,FR,64.0,15,9.5,20,1,0
1078,Pro,Ads,BE,33.0,31,26.16,4,2,1
1079,Basic,Organic,CA,63.0,12,8.47,15,0,0
1080,Business,Ads,FR,59.0,28,77.66,21,2,0
1081,Business,Ads,FR,25.0,28,75.81,19,1,0
1082,Basic,Ads,CH,53.0,8,8.89,12,0,0
1083,Business,Social,FR,44.0,21,77.81,19,0,0
1084,Pro,Referral,CA,18.0,8,27.37,14,2,1
1085,Basic,Ads,FR,35.0,2,11.07,7,4,1
1086,Basic,Referral,FR,47.0,1,5.84,14,0,0
1087,Basic,Social,FR,23.0,16,10.34,21,0,0
1088,Basic,Referral,FR,23.0,27,7.18,18,1,1
1089,Basic,Ads,BE,41.0,9,10.29,6,1,1
1090,Basic,Social,FR,41.0,4,9.22,15,2,1
1091,Basic,Ads,FR,61.0,16,9.73,14,2,0
1092,Pro,Organic,BE,64.0,10,26.07,7,2,1
1093,Pro,Organic,CH,57.0,7,26.68,9,0,1
1094,Business,Referral,FR,21.0,26,76.43,13,1,0
1095,Basic,Ads,FR,45.0,3,9.52,11,2,1
1096,Pro,Ads,FR,56.0,11,31.23,8,0,0
1097,Basic,Ads,FR,42.0,30,12.22,7,0,0
1098,Basic,Organic,FR,40.0,11,7.49,15,0,0
1099,Business,Organic,FR,20.0,15,79.24,17,1,0
1100,Basic,Organic,CA,64.0,3,5.0,10,1,0
1101,Pro,Referral,FR,41.0,6,22.34,13,3,1
1102,Pro,Organic,BE,58.0,2,26.39,15,1,0
1103,Basic,Ads,CH,41.0,18,6.98,9,2,0
1104,Pro,Social,FR,21.0,21,24.33,15,0,0
1105,Basic,Ads,BE,27.0,16,5.0,16,0,1
1106,Business,Referral,FR,48.0,5,80.57,13,2,1
1107,Basic,Referral,FR,29.0,8,,11,1,0
1108,Basic,Social,FR,58.0,34,5.0,8,0,0
1109,Pro,Organic,Autre,35.0,26,35.91,14,0,0
1110,Basic,Ads,FR,31.0,1,9.48,10,2,1
1111,Basic,Social,FR,34.0,35,8.01,17,1,1
1112,Basic,Ads,CH,51.0,12,10.98,6,2,1
1113,Basic,Social,FR,29.0,17,6.68,13,1,1
1114,Basic,Organic,BE,29.0,7,13.7,20,0,1
1115,Pro,Organic,FR,62.0,18,24.34,15,0,0
1116,Pro,Social,FR,27.0,32,25.03,12,1,0
1117,Basic,Ads,CA,36.0,7,8.53,12,0,1
1118,Pro,Ads,FR,33.0,27,26.65,6,2,1
1119,Business,Social,FR,33.0,30,83.16,13,0,0
1120,Basic,Organic,CH,31.0,4,5.0,11,0,0
1121,Pro,Social,FR,23.0,7,26.74,9,2,1
1122,Basic,Ads,Autre,63.0,2,9.64,15,1,1
1123,Business,Organic,FR,,22,80.61,17,2,0
1124,Pro,Organic,BE,29.0,3,31.92,15,2,0
1125,Business,Ads,BE,61.0,8,,18,1,0
1126,Pro,Ads,BE,37.0,26,35.51,7,0,0
1127,Pro,Social,CA,55.0,35,27.5,9,2,0
1128,Basic,Organic,FR,40.0,27,9.44,15,1,0
1129,Pro,Organic,BE,33.0,26,31.47,15,2,1
1130,Basic,Organic,CA,50.0,23,7.96,10,1,1
1131,Basic,Ads,FR,37.0,16,8.03,12,1,0
1132,Basic,Referral,BE,63.0,18,7.51,11,0,1
1133,Pro,Ads,FR,61.0,22,26.97,9,2,0
1134,Pro,Ads,FR,46.0,17,25.52,11,0,0
1135,Business,Ads,BE,47.0,2,77.24,19,0,0
1136,Basic,Organic,BE,58.0,21,5.0,13,1,1
1137,Basic,Organic,CH,59.0,8,10.03,8,0,1
1138,Basic,Social,CA,24.0,4,5.0,8,0,0
1139,Pro,Organic,CH,23.0,14,35.06,15,2,0
1140,Basic,Social,Autre,49.0,28,13.96,15,2,0
1141,Basic,Ads,CH,61.0,18,12.18,10,2,1
1142,Pro,Organic,FR,26.0,28,28.25,14,2,0
1143,Pro,Organic,FR,57.0,26,27.12,14,0,0
1144,Basic,Organic,FR,58.0,24,12.53,20,0,0
1145,Basic,Organic,FR,44.0,8,9.41,17,2,0
1146,Basic,Ads,FR,45.0,9,10.54,7,2,1
1147,Business,Ads,CH,48.0,18,76.72,18,1,1
1148,Pro,Ads,CH,24.0,8,32.05,14,2,1
1149,Basic,Ads,BE,29.0,32,6.48,16,0,1
1150,Basic,Organic,FR,57.0,35,9.18,10,2,1
1151,Basic,Organic,FR,45.0,31,5.0,7,3,1
1152,Pro,Social,FR,42.0,34,26.9,10,1,1
1153,Pro,Organic,Autre,50.0,24,30.36,12,6,1
1154,Business,Referral,FR,40.0,27,77.51,23,0,0
1155,Basic,Ads,FR,62.0,21,7.52,16,2,1
1156,Basic,Referral,BE,21.0,28,11.21,11,2,1
1157,Pro,Organic,FR,50.0,6,28.64,7,2,0
1158,Business,Ads,CA,60.0,17,82.56,20,2,1
1159,Pro,Ads,FR,42.0,23,21.63,9,1,0
1160,Basic,Social,FR,42.0,31,10.55,10,1,0
1161,Pro,Organic,FR,60.0,24,30.37,9,2,0
1162,Basic,Organic,FR,58.0,25,5.0,11,1,0
1163,Business,Organic,BE,35.0,5,74.97,17,1,1
1164,Basic,Social,FR,21.0,16,11.47,11,1,0
1165,Basic,Organic,FR,63.0,14,5.66,19,2,0
1166,Pro,Organic,BE,49.0,24,26.94,20,1,0
1167,Basic,Ads,FR,,8,10.63,13,1,0
1168,Pro,Referral,CA,,3,27.85,21,2,1
1169,Pro,Ads,CH,47.0,12,30.27,18,2,1
1170,Basic,Organic,CH,43.0,14,6.25,15,1,0
1171,Basic,Ads,CA,35.0,6,9.73,15,1,1
1172,Pro,Organic,CA,47.0,30,32.08,6,1,0
1173,Basic,Organic,FR,39.0,23,9.81,6,3,1
1174,Business,Social,BE,56.0,17,,20,0,0
1175,Business,Ads,FR,28.0,17,80.79,13,0,0
1176,Basic,Organic,FR,61.0,20,9.02,14,1,0
1177,Basic,Social,FR,47.0,6,6.13,18,3,0
1178,Business,Social,FR,25.0,20,83.0,13,1,0
1179,Basic,Referral,FR,20.0,5,5.0,12,2,1
1180,Basic,Organic,FR,58.0,34,14.44,9,0,0
1181,Basic,Organic,CH,49.0,34,6.95,11,5,0
1182,Basic,Ads,FR,23.0,8,13.54,4,1,1
1183,Basic,Ads,FR,58.0,7,8.71,15,5,1
1184,Pro,Social,FR,18.0,24,24.87,18,0,0
1185,Business,Social,FR,32.0,22,79.12,21,0,0
1186,Pro,Social,CH,32.0,16,29.83,15,0,1
1187,Basic,Organic,FR,44.0,30,10.46,9,1,1
1188,Basic,Ads,BE,31.0,9,12.01,10,0,1
1189,Basic,Organic,FR,58.0,32,6.16,15,0,0
1190,Business,Ads,FR,54.0,2,80.31,22,0,0
1191,Basic,Organic,CA,33.0,32,11.04,9,3,1
1192,Basic,Organic,FR,44.0,22,8.03,11,0,1
1193,Business,Organic,BE,22.0,2,76.04,17,0,0
1194,Basic,Organic,FR,36.0,7,5.98,15,1,1
1195,Basic,Organic,FR,25.0,34,11.08,5,2,1
1196,Pro,Referral,FR,55.0,21,31.22,7,0,0
1197,Basic,Organic,CA,28.0,20,6.36,13,1,0
1198,Business,Organic,FR,61.0,16,74.84,21,1,0
1199,Basic,Referral,CH,52.0,28,12.54,5,3,1
1200,Basic,Referral,FR,48.0,15,5.0,14,0,1
1201,Basic,Referral,CA,37.0,6,9.31,11,0,0
1202,Pro,Referral,FR,48.0,32,26.43,9,4,0
1203,Basic,Referral,FR,37.0,7,5.0,16,1,1
1204,Business,Ads,BE,58.0,4,79.2,19,0,1
1205,Business,Referral,CA,56.0,31,78.27,21,1,0
1206,Business,Organic,FR,31.0,20,83.13,21,5,0
1207,Basic,Organic,FR,62.0,25,15.62,4,0,0
1208,Basic,Referral,FR,64.0,15,8.27,14,0,0
1209,Basic,Organic,BE,26.0,26,11.9,10,1,0
1210,Business,Ads,FR,26.0,6,81.95,14,2,1
1211,Pro,Organic,BE,18.0,26,27.27,18,2,0
1212,Basic,Ads,CH,20.0,14,6.24,8,3,1
1213,Pro,Referral,CH,22.0,33,33.64,11,2,0
1214,Business,Referral,FR,56.0,31,77.74,16,1,0
1215,Business,Ads,FR,54.0,21,78.76,17,0,0
1216,Pro,Organic,FR,26.0,7,27.96,10,0,1
1217,Pro,Referral,FR,53.0,22,28.43,9,3,1
1218,Pro,Referral,FR,33.0,24,27.03,15,0,0
1219,Basic,Ads,Autre,35.0,34,11.07,16,1,0
1220,Basic,Social,FR,42.0,10,12.58,12,3,0
1221,Pro,Referral,Autre,46.0,21,27.72,8,5,1
1222,Basic,Social,FR,23.0,19,5.0,7,3,0
1223,Basic,Referral,FR,60.0,24,8.98,13,0,0
1224,Business,Social,FR,37.0,20,74.39,16,0,0
1225,Pro,Ads,FR,39.0,5,26.92,20,0,0
1226,Basic,Referral,CA,34.0,3,12.51,10,5,0
1227,Business,Referral,CA,56.0,26,85.76,16,1,0
1228,Basic,Organic,Autre,22.0,29,9.95,11,3,0
1229,Business,Ads,FR,19.0,35,75.65,13,3,0
1230,Business,Ads,FR,46.0,14,81.16,22,0,0
1231,Basic,Organic,BE,58.0,7,5.0,18,0,0
1232,Basic,Referral,CA,39.0,8,6.76,11,0,1
1233,Basic,Referral,FR,27.0,5,13.38,13,1,1
1234,Business,Social,CA,25.0,8,81.06,20,0,0
1235,Basic,Ads,FR,38.0,16,5.0,11,2,0
1236,Basic,Ads,CH,,35,5.0,15,0,0
1237,Business,Social,FR,63.0,9,81.38,14,3,0
1238,Pro,Ads,Autre,37.0,34,28.69,11,1,0
1239,Pro,Referral,CA,35.0,12,27.06,15,1,0
1240,Pro,Ads,FR,19.0,17,30.06,19,0,0
1241,Basic,Organic,FR,58.0,30,7.12,17,3,0
1242,Basic,Organic,FR,59.0,10,5.0,7,2,1
1243,Basic,Organic,FR,26.0,31,11.25,8,1,1
1244,Basic,Ads,FR,37.0,25,6.9,20,1,0
1245,Basic,Organic,FR,25.0,8,5.84,11,1,1
1246,Pro,Referral,FR,22.0,2,24.85,11,2,0
1247,Pro,Social,FR,55.0,1,29.58,11,0,0
1248,Pro,Organic,FR,31.0,31,26.43,19,2,1
1249,Basic,Organic,CA,59.0,5,10.7,17,1,1
1250,Basic,Organic,FR,29.0,1,8.03,10,2,0
1251,Business,Social,Autre,25.0,28,82.06,17,1,0
1252,Basic,Organic,FR,20.0,2,7.68,10,1,1
1253,Basic,Referral,FR,35.0,20,6.88,20,0,0
1254,Basic,Organic,Autre,33.0,12,5.0,13,1,1
1255,Business,Organic,FR,31.0,23,75.55,17,1,0
1256,Basic,Organic,FR,25.0,16,10.98,10,1,1
1257,Basic,Referral,FR,22.0,21,17.95,11,0,0
1258,Basic,Organic,CA,28.0,1,5.1,9,2,0
1259,Pro,Social,FR,47.0,16,25.74,8,3,0
1260,Business,Ads,FR,49.0,10,79.84,17,1,0
1261,Pro,Organic,FR,22.0,28,30.26,16,1,1
1262,Basic,Organic,FR,25.0,35,6.81,15,0,0
1263,Basic,Referral,CA,46.0,13,9.07,12,2,1
1264,Pro,Ads,FR,19.0,28,24.03,17,1,0
1265,Business,Organic,BE,37.0,8,77.94,19,0,0
1266,Basic,Organic,CA,26.0,3,11.52,12,3,1
1267,Pro,Ads,FR,61.0,26,33.71,16,5,0
1268,Basic,Social,FR,31.0,31,8.33,7,1,0
1269,Basic,Ads,BE,35.0,32,8.06,12,1,1
1270,Basic,Referral,BE,25.0,17,10.19,9,2,1
1271,Pro,Ads,FR,38.0,32,32.14,8,2,1
1272,Business,Ads,FR,46.0,35,80.29,22,0,0
1273,Pro,Ads,FR,50.0,5,26.59,8,1,0
1274,Basic,Referral,CH,59.0,12,9.9,12,3,1
1275,Pro,Ads,FR,25.0,3,31.72,9,1,1
1276,Basic,Referral,Autre,57.0,11,6.71,14,2,1
1277,Basic,Organic,FR,50.0,10,5.0,22,1,1
1278,Basic,Organic,FR,40.0,24,10.36,12,1,0
1279,Basic,Social,FR,58.0,32,9.93,11,2,1
1280,Basic,Ads,FR,54.0,18,11.72,15,0,0
1281,Basic,Referral,FR,44.0,2,9.1,7,2,1
1282,Basic,Social,CH,55.0,10,6.92,13,2,1
1283,Basic,Ads,CA,48.0,21,7.53,17,0,0
1284,Basic,Organic,FR,47.0,19,5.77,11,1,0
1285,Pro,Referral,CA,24.0,20,26.01,12,2,0
1286,Pro,Referral,FR,55.0,23,27.17,12,1,0
1287,Basic,Organic,FR,20.0,35,7.4,8,0,1
1288,Pro,Social,FR,35.0,11,32.17,14,2,0
1289,Business,Ads,CA,28.0,25,75.18,11,2,0
1290,Basic,Organic,FR,53.0,29,8.7,8,1,1
1291,Pro,Organic,CH,46.0,35,27.09,14,1,0
1292,Basic,Organic,FR,42.0,27,13.29,18,0,1
1293,Pro,Ads,CH,37.0,1,29.63,15,0,0
1294,Business,Referral,FR,52.0,27,77.73,15,0,0
1295,Basic,Organic,FR,33.0,32,11.28,10,1,0
1296,Business,Organic,CH,52.0,24,79.05,19,1,0
1297,Pro,Ads,FR,64.0,31,27.43,12,1,0
1298,Pro,Ads,BE,21.0,9,33.43,10,0,0
1299,Pro,Ads,CA,50.0,28,30.97,14,2,0
1300,Business,Referral,FR,57.0,25,84.01,17,0,0
1301,Basic,Social,FR,39.0,14,12.31,15,0,1
1302,Pro,Social,FR,19.0,7,31.17,15,1,0
1303,Basic,Referral,FR,25.0,13,9.25,10,2,1
1304,Basic,Organic,FR,38.0,5,5.62,18,1,0
1305,Pro,Organic,FR,39.0,23,30.97,8,0,1
1306,Basic,Ads,BE,45.0,18,9.08,18,0,0
1307,Basic,Social,CA,33.0,14,10.88,14,0,0
1308,Pro,Organic,CH,56.0,7,28.84,6,4,1
1309,Pro,Ads,FR,18.0,17,26.8,13,2,0
1310,Pro,Ads,FR,20.0,5,25.86,17,1,1
1311,Basic,Ads,CH,24.0,23,10.95,15,2,0
1312,Pro,Organic,CA,49.0,21,32.72,17,0,0
1313,Basic,Organic,CH,26.0,23,8.01,11,2,0
1314,Pro,Organic,BE,34.0,35,30.22,6,0,0
1315,Pro,Organic,FR,52.0,6,32.99,14,2,0
1316,Pro,Ads,CA,19.0,2,26.38,14,0,0
1317,Basic,Ads,FR,56.0,1,7.85,11,0,1
1318,Basic,Referral,FR,33.0,16,5.53,10,1,1
1319,Pro,Ads,CA,24.0,5,32.39,9,1,0
1320,Basic,Social,FR,48.0,4,9.65,12,1,0
1321,Pro,Organic,Autre,39.0,28,27.5,10,2,0
1322,Basic,Social,FR,21.0,19,5.0,6,0,1
1323,Basic,Ads,FR,46.0,17,8.34,14,1,1
1324,Basic,Referral,BE,57.0,21,11.85,13,1,0
1325,Pro,Referral,CA,28.0,35,27.99,6,1,0
1326,Business,Ads,FR,20.0,18,77.61,19,1,1
1327,Business,Ads,CA,42.0,20,80.79,14,0,0
1328,Basic,Ads,FR,29.0,2,5.2,14,1,1
1329,Pro,Organic,CA,51.0,33,29.03,9,1,0
1330,Basic,Ads,FR,33.0,25,10.66,14,0,0
1331,Pro,Organic,FR,32.0,25,26.56,14,1,0
1332,Basic,Organic,FR,21.0,18,6.41,8,3,1
1333,Basic,Ads,CH,24.0,1,9.62,16,5,1
1334,Basic,Social,FR,61.0,21,8.59,16,2,0
1335,Basic,Social,CH,50.0,6,8.18,11,1,1
1336,Pro,Organic,FR,63.0,24,29.5,12,0,1
1337,Pro,Organic,CH,20.0,5,29.55,9,2,0
1338,Pro,Ads,Autre,60.0,32,26.13,12,2,0
1339,Basic,Ads,FR,47.0,27,6.9,11,1,0
1340,Pro,Ads,FR,27.0,16,30.22,21,0,0
1341,Basic,Referral,CA,46.0,7,12.23,15,1,1
1342,Pro,Referral,CA,57.0,32,32.92,12,1,0
1343,Basic,Ads,CA,38.0,31,6.37,8,2,0
1344,Pro,Ads,FR,33.0,7,32.15,9,2,1
1345,Basic,Ads,BE,62.0,9,11.15,10,0,0
1346,Basic,Referral,FR,31.0,16,8.8,17,1,1
1347,Basic,Social,FR,55.0,26,10.34,11,1,0
1348,Basic,Social,BE,50.0,7,11.36,7,1,1
1349,Basic,Social,FR,20.0,35,14.21,17,2,0
1350,Pro,Social,FR,22.0,14,25.75,12,3,0
1351,Business,Organic,FR,21.0,21,80.68,21,1,1
1352,Basic,Ads,FR,18.0,32,8.48,11,1,0
1353,Basic,Referral,FR,38.0,5,8.28,11,1,0
1354,Pro,Organic,CA,61.0,35,32.31,12,3,1
1355,Basic,Ads,FR,51.0,13,11.33,12,1,1
1356,Business,Organic,Autre,34.0,17,75.88,16,2,0
1357,Basic,Organic,CA,49.0,4,8.06,23,4,1
1358,Basic,Ads,Autre,55.0,10,9.58,13,0,1
1359,Basic,Organic,CA,20.0,28,5.0,19,3,0
1360,Basic,Ads,FR,38.0,12,11.47,12,4,1
1361,Basic,Organic,FR,55.0,33,8.68,17,0,0
1362,Basic,Social,FR,22.0,32,9.39,14,2,1
1363,Pro,Organic,FR,43.0,19,29.9,14,1,0
1364,Business,Ads,FR,40.0,16,84.28,24,3,0
1365,Basic,Referral,Autre,40.0,6,9.01,10,2,0
1366,Pro,Ads,Autre,26.0,7,27.84,18,3,0
1367,Basic,Organic,CH,46.0,32,14.07,12,2,1
1368,Pro,Organic,FR,21.0,30,27.42,12,2,0
1369,Basic,Ads,CA,53.0,1,,11,0,0
1370,Basic,Organic,CA,18.0,18,5.0,14,2,1
1371,Pro,Organic,FR,39.0,35,32.12,10,3,1
1372,Pro,Ads,FR,36.0,15,29.72,10,1,0
1373,Basic,Ads,FR,57.0,22,10.31,7,0,0
1374,Basic,Organic,FR,30.0,32,9.4,8,1,0
1375,Pro,Ads,CA,18.0,4,28.51,7,3,1
1376,Business,Ads,FR,33.0,27,76.58,25,0,0
1377,Pro,Organic,FR,58.0,19,26.59,17,0,0
1378,Business,Organic,FR,63.0,1,80.19,21,1,0
1379,Business,Organic,CA,23.0,24,79.28,20,1,0
1380,Pro,Social,FR,56.0,34,33.76,14,4,0
1381,Pro,Organic,CH,57.0,24,26.66,9,2,0
1382,Basic,Organic,FR,51.0,16,7.47,9,0,0
1383,Basic,Organic,BE,60.0,13,5.88,11,1,0
1384,Pro,Referral,CA,29.0,7,33.0,5,2,0
1385,Business,Referral,CA,22.0,24,75.25,18,0,0
1386,Basic,Organic,CA,53.0,32,11.2,6,2,1
1387,Basic,Social,FR,52.0,9,13.18,10,0,0
1388,Basic,Referral,FR,50.0,15,8.5,9,0,0
1389,Pro,Organic,FR,24.0,27,31.07,10,1,1
1390,Basic,Social,FR,42.0,24,5.0,14,1,1
1391,Pro,Organic,FR,45.0,20,27.77,7,2,0
1392,Basic,Referral,CA,29.0,27,5.0,10,4,0
1393,Pro,Organic,FR,39.0,35,29.43,10,2,0
1394,Pro,Ads,FR,27.0,7,28.94,13,1,0
1395,Basic,Ads,CA,48.0,4,6.64,13,1,0
1396,Basic,Social,CH,37.0,35,11.72,17,0,0
1397,Basic,Referral,Autre,63.0,9,9.97,7,1,0
1398,Pro,Ads,FR,30.0,20,27.37,12,2,1
1399,Basic,Organic,FR,44.0,30,7.4,13,1,0
1400,Basic,Ads,CA,59.0,2,5.0,7,2,1
1401,Basic,Ads,FR,18.0,24,8.37,14,0,0
1402,Basic,Social,CA,39.0,19,15.21,15,3,1
1403,Pro,Referral,FR,33.0,22,26.81,8,3,0
1404,Pro,Ads,FR,49.0,1,30.17,12,2,1
1405,Business,Ads,BE,21.0,24,77.3,17,0,0
1406,Pro,Referral,CH,60.0,35,31.31,11,2,0
1407,Pro,Organic,BE,23.0,29,30.23,13,2,1
1408,Basic,Referral,BE,47.0,24,8.23,15,3,1
1409,Pro,Referral,BE,45.0,5,23.64,8,0,0
1410,Pro,Ads,FR,25.0,14,27.4,17,0,0
1411,Pro,Referral,FR,36.0,12,32.48,11,3,0
1412,Pro,Ads,FR,33.0,28,28.2,16,2,0
1413,Pro,Organic,BE,51.0,22,30.79,9,2,0
1414,Basic,Ads,FR,61.0,28,7.5,8,0,0
1415,Pro,Organic,FR,45.0,13,23.39,9,0,0
1416,Basic,Organic,FR,20.0,25,10.19,14,0,0
1417,Basic,Ads,FR,30.0,13,9.87,13,1,0
1418,Basic,Referral,FR,28.0,9,7.21,12,1,1
1419,Basic,Organic,Autre,34.0,14,7.83,14,3,0
1420,Basic,Ads,Autre,47.0,4,9.79,17,2,0
1421,Basic,Social,FR,53.0,31,7.17,11,1,1
1422,Basic,Referral,FR,58.0,30,9.95,10,0,0
1423,Pro,Social,FR,64.0,13,28.32,14,1,0
1424,Pro,Referral,FR,56.0,32,21.94,9,0,0
1425,Pro,Ads,FR,47.0,11,28.5,12,0,0
1426,Business,Ads,FR,52.0,13,77.16,19,1,0
1427,Basic,Ads,FR,53.0,6,6.45,12,2,1
1428,Basic,Ads,FR,51.0,14,10.12,8,0,1
1429,Basic,Ads,BE,33.0,18,,7,0,1
1430,Basic,Organic,FR,35.0,15,10.53,14,1,1
1431,Business,Organic,CA,53.0,33,82.17,17,2,0
1432,Basic,Ads,CA,20.0,10,9.35,17,2,0
1433,Pro,Referral,FR,39.0,21,24.34,12,1,0
1434,Pro,Ads,CH,47.0,33,26.76,14,1,0
1435,Basic,Organic,Autre,51.0,13,11.64,6,2,0
1436,Pro,Referral,FR,21.0,19,28.17,13,2,0
1437,Basic,Organic,BE,45.0,32,6.54,14,0,1
1438,Basic,Social,FR,55.0,25,8.67,13,1,0
1439,Basic,Referral,FR,36.0,24,10.43,13,3,0
1440,Basic,Ads,FR,24.0,22,9.7,13,0,0
1441,Basic,Ads,FR,45.0,9,10.85,10,0,1
1442,Basic,Referral,BE,19.0,4,6.49,13,1,0
1443,Business,Organic,FR,40.0,12,78.12,23,0,0
1444,Basic,Organic,FR,64.0,3,8.19,9,1,1
1445,Basic,Ads,Autre,38.0,21,8.87,18,2,1
1446,Business,Organic,FR,25.0,6,72.72,16,2,1
1447,Basic,Ads,FR,55.0,21,8.24,16,1,1
1448,Business,Ads,Autre,45.0,18,74.96,18,2,1
1449,Pro,Organic,BE,43.0,35,33.06,19,0,0
1450,Pro,Social,BE,20.0,22,33.55,7,2,0
1451,Basic,Referral,FR,45.0,34,13.92,18,1,0
1452,Basic,Organic,BE,64.0,35,11.34,6,1,0
1453,Basic,Referral,FR,54.0,8,7.5,12,1,0
1454,Basic,Ads,BE,18.0,32,11.79,11,1,1
1455,Basic,Referral,FR,20.0,18,8.35,11,0,0
1456,Basic,Referral,FR,50.0,26,10.76,12,1,0
1457,Business,Social,CA,61.0,14,76.27,19,0,0
1458,Basic,Organic,CH,57.0,14,,11,2,1
1459,Business,Social,Autre,21.0,1,80.32,25,1,0
1460,Pro,Ads,FR,31.0,13,34.2,8,0,0
1461,Basic,Organic,FR,46.0,9,8.87,12,1,1
1462,Pro,Ads,FR,18.0,25,35.63,15,2,0
1463,Basic,Ads,FR,38.0,15,17.12,8,0,1
1464,Basic,Social,FR,19.0,13,5.14,11,2,1
1465,Business,Ads,FR,33.0,4,78.87,19,3,0
1466,Basic,Organic,FR,20.0,27,6.12,13,4,1
1467,Basic,Referral,FR,46.0,18,8.54,14,2,1
1468,Basic,Ads,CA,53.0,26,,13,4,0
1469,Pro,Referral,FR,27.0,11,28.75,18,2,0
1470,Basic,Organic,CA,42.0,5,,15,2,0
1471,Basic,Social,FR,46.0,6,11.73,12,0,0
1472,Pro,Social,FR,60.0,29,29.72,9,0,0
1473,Basic,Organic,Autre,24.0,24,8.96,6,0,1
1474,Pro,Ads,FR,47.0,4,29.3,14,0,1
1475,Basic,Organic,FR,54.0,7,9.33,16,0,0
1476,Basic,Ads,BE,45.0,12,10.65,14,0,0
1477,Basic,Organic,FR,41.0,21,8.97,13,0,0
1478,Pro,Social,FR,27.0,35,30.44,16,2,0
1479,Business,Organic,BE,57.0,26,75.07,17,1,0
1480,Pro,Referral,BE,28.0,23,31.31,7,1,1
1481,Basic,Referral,FR,58.0,12,14.14,11,1,1
1482,Basic,Organic,BE,63.0,30,9.5,12,3,0
1483,Basic,Organic,FR,48.0,34,5.0,9,0,0
1484,Basic,Social,CA,62.0,33,12.96,9,2,0
1485,Basic,Organic,FR,33.0,29,7.98,8,1,0
1486,Basic,Organic,FR,38.0,10,5.0,16,1,1
1487,Business,Organic,BE,49.0,2,78.31,19,2,0
1488,Pro,Ads,FR,55.0,28,30.75,21,2,0
1489,Pro,Ads,CA,50.0,15,30.1,8,1,1
1490,Pro,Organic,Autre,51.0,14,32.64,14,4,1
1491,Basic,Ads,FR,26.0,27,10.8,8,1,0
1492,Basic,Referral,CA,31.0,3,9.33,11,2,1
1493,Basic,Referral,FR,19.0,2,5.0,15,1,1
1494,Basic,Ads,Autre,27.0,4,5.65,9,3,0
1495,Basic,Organic,FR,45.0,8,9.49,11,5,1
1496,Pro,Organic,FR,53.0,5,30.97,13,0,0
1497,Basic,Ads,FR,26.0,23,5.91,15,2,0
1498,Basic,Ads,FR,63.0,23,7.14,14,0,0
1499,Basic,Ads,FR,58.0,26,10.36,16,1,0
1500,Pro,Social,Autre,64.0,23,23.29,12,1,0
